record_id,source,source_type,bulletin_number,title_raw,summary_raw,published_at_raw,event_date_raw,status_raw,initiative_raw,authors_raw,url_raw,document_url_raw,scraped_at,html_snippet,content_hash_hint
R0001,camara,table,11422-07,"""Modifica diversos cuerpos legales para regular, en igualdad de condiciones, el matrimonio de parejas del mismo sexo""",,23/02/2025,2025-01-23T06:33:00-0300,Tramitación terminada,mensaje,"[""Ministerio Secretaría General de Gobierno"", ""Ministerio de la Mujer y Equidad de Género""]",https://www.camara.cl/legislacion/ProyectosDeLey/tramitacion.aspx?prmBoletin=11422-07&prmID=11934&utm_source=test&utm_medium=email,https://www.camara.cl/legislacion/proyectosdeley/documentos/11422_07.pdf,2025-03-05T06:33:00,<span>Proyecto sobre matrimonio igualitario y adecuación de cuerpos legales conexos.</span>,5556d1b978
R0002,bcn,api,11422-07," Modifica diversos cuerpos legales para regular, en igualdad de condiciones, el matrimonio de parejas del mismo sexo ",Proyecto sobre matrimonio igualitario y adecuación de cuerpos legales conexos.,2025/09/06 00:53,31/02/2025,,Mensaje,"Ministerio Secretaría General de Gobierno,Ministerio de la Mujer y Equidad de Género",https://www.camara.cl/legislacion/ProyectosDeLey/tramitacion.aspx?prmBoletin=11422-07&prmID=11934,,2025-09-11T00:53:00,,5556d1b978
R0003,camara,detail,11422-07,"Modifica  diversos  cuerpos  legales  para  regular,  en  igualdad  de  condiciones,  el  matrimonio  de  parejas  del  mismo  sexo",Proyecto  sobre  matrimonio  igualitario  y  adecuación  de	cuerpos  legales  conexos.,2025-05-01T21:40:00+0000,2025/06/08 21:40,Tramitación terminada,Mensaje,Ministerio Secretaría General de Gobierno; Ministerio de la Mujer y Equidad de Género,,https://www.camara.cl/legislacion/proyectosdeley/documentos/11422_07.pdf,2025-05-11T21:40:00,<p>Boletín 11422-07</p>,5556d1b978
R0004,gobcl,news,11422-07,"Modifica diversos cuerpos legales para regular, en igualdad de condiciones, el matrimonio de parejas del mismo sexo",Proyecto sobre matrimonio igualitario y adecuación de cuerpos legales conexos.,2025-11-16T08:17:00-0300,,Tramitación terminada,mensaje,"[""Ministerio Secretaría General de Gobierno"", ""Ministerio de la Mujer y Equidad de Género""]",https://www.camara.cl/legislacion/ProyectosDeLey/tramitacion.aspx?prmBoletin=11422-07&prmID=11934&utm_source=test&utm_medium=email,,2025-11-19T08:17:00,"<div><strong>Modifica diversos cuerpos legales para regular, en igualdad de condiciones, el matrimonio de parejas del mismo sexo</strong></div>",5556d1b978
R0005,crawler,misc,11422-07,"Modifica diversos cuerpos legales para regular, en igualdad de condiciones, el matrimonio de parejas del mismo sexo",Proyecto sobre matrimonio igualitario y adecuación de cuerpos legales conexos.,29/06/2024,15/06/2024,Tramitación terminada,mensaje,"Ministerio Secretaría General de Gobierno,Ministerio de la Mujer y Equidad de Género", HTTP://www.camara.cl/legislacion/ProyectosDeLey/tramitacion.aspx?prmBoletin=11422-07&prmID=11934 ,,2024-07-04T02:31:00,<span>Proyecto sobre matrimonio igualitario y adecuación de cuerpos legales conexos.</span>,5556d1b978
R0006,crawler,misc,11422-07,"Modifica  diversos  cuerpos  legales  para  regular,  en  igualdad  de	condiciones,  el  matrimonio  de	parejas  del  mismo  sexo",Proyecto sobre matrimonio igualitario y adecuación de cuerpos legales conexos.,06-01-2025 21:35,25/12/2024,Tramitación terminada,,Ministerio Secretaría General de Gobierno | Ministerio de la Mujer y Equidad de Género,https://www.camara.cl/legislacion/ProyectosDeLey/tramitacion.aspx?prmBoletin=11422-07&prmID=11934&utm_source=test&utm_medium=email/,,2025-01-16T21:35:00,,5556d1b978
R0007,camara,table,11422-07," Modifica diversos cuerpos legales para regular, en igualdad de condiciones, el matrimonio de parejas del mismo sexo ",Proyecto  sobre  matrimonio  igualitario  y  adecuación  de  cuerpos  legales  conexos.,05/02/2024,,,mensaje,Ministerio Secretaría General de Gobierno | Ministerio de la Mujer y Equidad de Género,https://www.camara.cl/legislacion/ProyectosDeLey/tramitacion.aspx?prmBoletin=11422-07&prmID=11934,https://www.camara.cl/legislacion/proyectosdeley/documentos/11422_07.pdf?download=1,2024-02-06T11:21:00,<p>Boletín 11422-07</p>,5556d1b978
R0008,camara,detail,11422-07,"Modifica diversos cuerpos legales para regular, en igualdad de condiciones, el matrimonio de parejas del mismo sexo",Proyecto sobre matrimonio igualitario y adecuación de	cuerpos legales conexos.,2025-08-10T11:45:00-0400,2025-07-25T11:45:00-0300,Tramitación terminada,Mensaje," [""Ministerio Secretaría General de Gobierno"", ""Ministerio de la Mujer y Equidad de Género""] ",https://www.camara.cl/legislacion/ProyectosDeLey/tramitacion.aspx?prmBoletin=11422-07&prmID=11934&utm_source=test&utm_medium=email,,2025-08-16T11:45:00,<span>Proyecto sobre matrimonio igualitario y adecuación de cuerpos legales conexos.</span>,5556d1b978
R0009,crawler,misc,11422-07,"Modifica diversos cuerpos legales para regular, en igualdad de condiciones, el matrimonio de parejas del mismo sexo",Proyecto sobre matrimonio igualitario y adecuación de cuerpos legales conexos. Más antecedentes en el sitio institucional.,2025-08-10T11:45:00-0400,2024-05-12,Tramitación terminada,Mensaje,,https://www.camara.cl/legislacion/ProyectosDeLey/tramitacion.aspx?prmBoletin=11422-07&prmID=11934/,https://www.camara.cl/legislacion/proyectosdeley/documentos/11422_07.pdf,2024-04-25T23:26:00,,5556d1b978
R0010,camara,detail,,"Modifica diversos cuerpos legales para regular, en igualdad de condiciones, el matrimonio de parejas del mismo sexo",Proyecto sobre matrimonio igualitario y adecuación de	cuerpos legales conexos. Más antecedentes en el sitio institucional.,2025-10-25,2025/10/18 13:21,Tramitación  terminada,mensaje,Ministerio Secretaría General de Gobierno | Ministerio de la Mujer y Equidad de Género,,,2025-11-03T13:21:00,<span>Proyecto sobre matrimonio igualitario y adecuación de cuerpos legales conexos.</span>,5556d1b978
R0011,crawler,misc,11422-07,"Modifica diversos cuerpos legales para regular, en igualdad de	condiciones, el matrimonio de	parejas del mismo sexo", Proyecto sobre matrimonio igualitario y adecuación de cuerpos legales conexos. ,2025-11-11,2025-12-04,Tramitación terminada,Mensaje," [""Ministerio Secretaría General de Gobierno"", ""Ministerio de la Mujer y Equidad de Género""] ",https://www.camara.cl/legislacion/ProyectosDeLey/tramitacion.aspx?prmBoletin=11422-07&prmID=11934&utm_source=test&utm_medium=email/,https://www.camara.cl/legislacion/proyectosdeley/documentos/11422_07.pdf,2025-11-12T00:12:00,<p>Boletín 11422-07</p>,5556d1b978
R0012,camara,detail,11422-07,,Proyecto  sobre  matrimonio  igualitario  y  adecuación  de	cuerpos  legales  conexos.,15/05/2025,"Wed, 30 Apr 2025 19:02:00 -0400",Tramitación terminada,Mensaje,"Ministerio Secretaría General de Gobierno,Ministerio de la Mujer y Equidad de Género",https://www.camara.cl/legislacion/ProyectosDeLey/tramitacion.aspx?prmBoletin=11422-07&prmID=11934&utm_source=test&utm_medium=email,https://www.camara.cl/legislacion/proyectosdeley/documentos/11422_07.pdf,2025-05-25T19:02:00,<span>Proyecto sobre matrimonio igualitario y adecuación de cuerpos legales conexos.</span>,5556d1b978
R0013,crawler,misc,11422-07,"Modifica diversos cuerpos legales para regular, en igualdad de condiciones, el matrimonio de parejas del mismo sexo",Proyecto sobre matrimonio igualitario y adecuación de cuerpos legales conexos.,22/09/2024,"Tue, 13 Aug 2024 01:46:00 +0000","""Tramitación terminada""",Mensaje,"[""Ministerio Secretaría General de Gobierno"", ""Ministerio de la Mujer y Equidad de Género""]", HTTP://www.camara.cl/legislacion/ProyectosDeLey/tramitacion.aspx?prmBoletin=11422-07&prmID=11934 ,,2024-09-24T01:46:00,<span>Proyecto sobre matrimonio igualitario y adecuación de cuerpos legales conexos.</span>,5556d1b978
R0014,bcn,api,11422-07,"Modifica  diversos  cuerpos  legales  para  regular,  en  igualdad  de  condiciones,  el  matrimonio  de  parejas  del  mismo  sexo",Proyecto  sobre  matrimonio  igualitario  y  adecuación  de	cuerpos  legales  conexos.,07/05/2025,,Tramitación terminada,Mensaje,Ministerio Secretaría General de Gobierno; Ministerio de la Mujer y Equidad de Género,https://www.camara.cl/legislacion/ProyectosDeLey/tramitacion.aspx?prmBoletin=11422-07&prmID=11934/,https://www.camara.cl/legislacion/proyectosdeley/documentos/11422_07.pdf,2025-05-14T01:19:00,<p>Boletín 11422-07</p>,5556d1b978
R0015,senado,detail,11422-07,"  Modifica  diversos  cuerpos  legales  para  regular,  en  igualdad  de  condiciones,  el  matrimonio  de  parejas  del  mismo  sexo  ",Proyecto  sobre  matrimonio  igualitario  y  adecuación  de  cuerpos  legales  conexos.,2025-08-10T11:45:00-0400,2024/12/11 22:37,Tramitación terminada,,"Ministerio Secretaría General de Gobierno,Ministerio de la Mujer y Equidad de Género",https://www.camara.cl/legislacion/ProyectosDeLey/tramitacion.aspx?prmBoletin=11422-07&prmID=11934/,https://www.camara.cl/legislacion/proyectosdeley/documentos/11422_07.pdf,2024-12-31T22:37:00,,5556d1b978
R0016,bcn,api,11422-07,"Modifica  diversos  cuerpos  legales  para  regular,  en  igualdad  de	condiciones,  el  matrimonio  de	parejas  del  mismo  sexo",Proyecto sobre matrimonio igualitario y adecuación de	cuerpos legales conexos.,2025-11-16T17:49:00-0300,07/12/2025,Tramitación terminada,,Ministerio Secretaría General de Gobierno; Ministerio de la Mujer y Equidad de Género,https://www.camara.cl/legislacion/ProyectosDeLey/tramitacion.aspx?prmBoletin=11422-07&prmID=11934&utm_source=test&utm_medium=email,https://www.camara.cl/legislacion/proyectosdeley/documentos/11422_07.pdf,2025-11-20T17:49:00,"<div><strong>Modifica diversos cuerpos legales para regular, en igualdad de condiciones, el matrimonio de parejas del mismo sexo</strong></div>",5556d1b978
R0017,bcn,api,11422-07,"Modifica diversos cuerpos legales para regular, en igualdad de	condiciones, el matrimonio de	parejas del mismo sexo",Proyecto  sobre  matrimonio  igualitario  y  adecuación  de  cuerpos  legales  conexos.,01-04-2025 20:24,2025-02-22,Tramitación terminada,,,HTTP://www.camara.cl/legislacion/ProyectosDeLey/tramitacion.aspx?prmBoletin=11422-07&prmID=11934&utm_source=test&utm_medium=email/,https://www.camara.cl/legislacion/proyectosdeley/documentos/11422_07.pdf,2025-04-06T20:24:00,,5556d1b978
R0018,gobcl,news,11422-07,"Modifica  diversos  cuerpos  legales  para  regular,  en  igualdad  de  condiciones,  el  matrimonio  de  parejas  del  mismo  sexo",Proyecto sobre matrimonio igualitario y adecuación de cuerpos legales conexos.,02-09-2025 16:54,2025/08/26 16:54,Cuenta de proyecto,,Ministerio Secretaría General de Gobierno; Ministerio de la Mujer y Equidad de Género,HTTP://www.camara.cl/legislacion/ProyectosDeLey/tramitacion.aspx?prmBoletin=11422-07&prmID=11934,,2025-09-11T16:54:00,"<div><strong>Modifica diversos cuerpos legales para regular, en igualdad de condiciones, el matrimonio de parejas del mismo sexo</strong></div>",5556d1b978
R0019,camara,table,11422-07,"""Modifica diversos cuerpos legales para regular, en igualdad de condiciones, el matrimonio de parejas del mismo sexo""",Proyecto sobre matrimonio igualitario y adecuación de	cuerpos legales conexos.,23/02/2025,, Tramitación terminada ,Mensaje,Ministerio Secretaría General de Gobierno; Ministerio de la Mujer y Equidad de Género, https://www.camara.cl/legislacion/ProyectosDeLey/tramitacion.aspx?prmBoletin=11422-07&prmID=11934 ,https://www.camara.cl/legislacion/proyectosdeley/documentos/11422_07.pdf,2024-09-14T00:44:00,,5556d1b978
R0020,senado,detail,11422-07," Modifica diversos cuerpos legales para regular, en igualdad de condiciones, el matrimonio de parejas del mismo sexo ",Proyecto  sobre  matrimonio  igualitario  y  adecuación  de	cuerpos  legales  conexos.,,2024-10-23,"""Tramitación  terminada""",Mensaje,"[""Ministerio Secretaría General de Gobierno"", ""Ministerio de la Mujer y Equidad de Género""]",https://www.camara.cl/legislacion/ProyectosDeLey/tramitacion.aspx?prmBoletin=11422-07&prmID=11934,,2024-11-30T23:35:00,"<div><strong>Modifica diversos cuerpos legales para regular, en igualdad de condiciones, el matrimonio de parejas del mismo sexo</strong></div>",5556d1b978
R0021,bcn,api,11422-07,"Modifica diversos cuerpos legales para regular, en igualdad de	condiciones, el matrimonio de	parejas del mismo sexo", Proyecto sobre matrimonio igualitario y adecuación de cuerpos legales conexos. ,2024-09-29,22-10-2024 00:22,"""  Tramitación  terminada  """,,Ministerio Secretaría General de Gobierno | Ministerio de la Mujer y Equidad de Género, HTTP://www.camara.cl/legislacion/ProyectosDeLey/tramitacion.aspx?prmBoletin=11422-07&prmID=11934 ,,2024-10-07T00:22:00,,5556d1b978
R0022,senado,detail,,"Modifica  la  ley  N°  18.290,    de  Tránsito,    para  sancionar  a  quienes  dificulten  o  impidan  el  acceso  de  adultos  mayores  y  personas  con  discapacidad  a  servicios  de  transporte  público  remunerado  de  pasajeros","""Proyecto  sobre  acceso  a  transporte  público  para  adultos  mayores  y  personas  con  discapacidad.""","Mon, 28 Oct 2024 04:47:00 -0300",2024-11-04,Segundo  trámite  constitucional,Moción,,,,2024-11-07T04:47:00,<p>Boletín 12768-15</p>,
R0023,crawler,misc,12768-15,   ,Proyecto sobre acceso a transporte público para adultos mayores y personas con discapacidad. Más antecedentes en el sitio institucional.,17/09/2025,2025-09-21,Segundo trámite constitucional,moción,Sandra Amar | Bernardo Berger | Catalina Del Real,https://www.camara.cl/legislacion/ProyectosDeLey/tramitacion.aspx?prmBOLETIN=12768-15&prmID=13307&utm_source=test&utm_medium=email,,2025-09-27T09:09:00,<p>Boletín 12768-15</p>,6fffea51e0
R0024,bcn,api,12768-15,"""Modifica  la  ley  N°  18.290,  de	Tránsito,  para  sancionar  a  quienes  dificulten  o  impidan  el  acceso  de	adultos  mayores  y  personas  con  discapacidad  a  servicios  de	transporte  público  remunerado  de	pasajeros""","""  Proyecto  sobre  acceso  a  transporte  público  para  adultos  mayores  y  personas  con  discapacidad.  "" Más antecedentes en el sitio institucional.",2025-03-04T16:30:00-0400,"Wed, 19 Mar 2025 16:30:00 -0400",Segundo trámite constitucional,moción,Sandra Amar | Bernardo Berger | Catalina Del Real,https://www.camara.cl/legislacion/ProyectosDeLey/tramitacion.aspx?prmBOLETIN=12768-15&prmID=13307&utm_source=test&utm_medium=email,https://www.camara.cl/legislacion/proyectosdeley/documentos/12768_15.pdf,2025-03-07T16:30:00,<span>Proyecto sobre acceso a transporte público para adultos mayores y personas con discapacidad.</span>,6fffea51e0
R0025,bcn,api,12768-15,"Modifica  la  ley  N°  18.290,  de  Tránsito,  para  sancionar  a  quienes  dificulten  o  impidan  el  acceso  de  adultos  mayores  y  personas  con  discapacidad  a  servicios  de  transporte  público  remunerado  de  pasajeros",,2024-07-21,16-06-2024 04:43,Segundo trámite constitucional,Moción,"Sandra Amar,Bernardo Berger,Catalina Del Real",,https://www.camara.cl/legislacion/proyectosdeley/documentos/12768_15.pdf,2024-07-29T04:43:00,,6fffea51e0
R0026,camara,detail,12768-15,"Modifica la ley N° 18.290, de	Tránsito, para sancionar a quienes dificulten o impidan el acceso de	adultos mayores y personas con discapacidad a servicios de	transporte público remunerado de	pasajeros",Proyecto sobre acceso a transporte público para adultos mayores y personas con discapacidad. Más antecedentes en el sitio institucional.,"Sat, 25 May 2024 21:57:00 -0300",,Segundo trámite constitucional,moción, Sandra Amar; Bernardo Berger; Catalina Del Real ,https://www.camara.cl/legislacion/ProyectosDeLey/tramitacion.aspx?prmBOLETIN=12768-15&prmID=13307/,https://www.camara.cl/legislacion/proyectosdeley/documentos/12768_15.pdf?download=1,2024-06-03T21:57:00,,6fffea51e0
R0027,senado,detail,12768-15,"Modifica la ley N° 18.290, de Tránsito, para sancionar a quienes dificulten o impidan el acceso de adultos mayores y personas con discapacidad a servicios de transporte público remunerado de pasajeros",Proyecto  sobre  acceso  a  transporte  público  para  adultos  mayores  y  personas  con  discapacidad.,2025-01-30T11:42:00-0400,2025-01-13,Trámite de aprobacion presidencial,moción,Sandra Amar | Bernardo Berger | Catalina Del Real,https://www.camara.cl/legislacion/ProyectosDeLey/tramitacion.aspx?prmBOLETIN=12768-15&prmID=13307/,https://www.camara.cl/legislacion/proyectosdeley/documentos/12768_15.pdf,2025-02-09T11:42:00,<p>Boletín 12768-15</p>,6fffea51e0
R0028,senado,detail,,"Modifica  la  ley  Nº  18.290,  de  Tránsito,  para  sancionar  a  quienes  dificulten  o  impidan  el  acceso  de  adultos  mayores  y  personas  con  discapacidad  a  servicios  de  transporte  público  remunerado  de  pasajeros",Proyecto sobre acceso a transporte público para adultos mayores y personas con discapacidad.,2025/10/07 06:57,20/10/2025,Segundo trámite constitucional,Moción,"[""Sandra Amar"", ""Bernardo Berger"", ""Catalina Del Real""]",,https://www.camara.cl/legislacion/proyectosdeley/documentos/12768_15.pdf,2025-10-16T06:57:00,,
R0029,gobcl,news,12768-15,"Modifica  la  ley  N°  18.290,  de  Tránsito,  para  sancionar  a  quienes  dificulten  o  impidan  el  acceso  de  adultos  mayores  y  personas  con  discapacidad  a  servicios  de  transporte  público  remunerado  de  pasajeros", Proyecto sobre acceso a transporte público para adultos mayores y personas con discapacidad. ,2024-02-09T22:41:00+0000,,Trámite de aprobacion presidencial,,,https://www.camara.cl/legislacion/ProyectosDeLey/tramitacion.aspx?prmBOLETIN=12768-15&prmID=13307&utm_source=test&utm_medium=email,,2024-02-14T22:41:00,"<div><strong>Modifica la ley N° 18.290, de Tránsito, para sancionar a quienes dificulten o impidan el acceso de adultos mayores y personas con discapacidad a servicios de transporte público remunerado de pasajeros</strong></div>",6fffea51e0
R0030,gobcl,news,,"""Modifica  la  ley  N°  18.290,   de	Tránsito,   para  sancionar  a  quienes  dificulten  o  impidan  el  acceso  de	adultos  mayores  y  personas  con  discapacidad  a  servicios  de	transporte  público  remunerado  de	pasajeros""", Proyecto sobre acceso a transporte público para adultos mayores y personas con discapacidad. ,2025-03-04T16:30:00-0400,2024-09-29T20:11:00+0000,Segundo trámite constitucional,Moción,"Sandra Amar,Bernardo Berger,Catalina Del Real",,https://www.camara.cl/legislacion/proyectosdeley/documentos/12768_15.pdf?download=1,2024-10-13T20:11:00,"<div><strong>Modifica la ley N° 18.290, de Tránsito, para sancionar a quienes dificulten o impidan el acceso de adultos mayores y personas con discapacidad a servicios de transporte público remunerado de pasajeros</strong></div>",
R0031,camara,detail,12768-15,,"""Proyecto sobre acceso a transporte público para adultos mayores y personas con discapacidad.""",,"Sat, 06 Apr 2024 13:24:00 -0400",, Moción ,,https://www.camara.cl/legislacion/ProyectosDeLey/tramitacion.aspx?prmBOLETIN=12768-15&prmID=13307&utm_source=test&utm_medium=email,https://www.camara.cl/legislacion/proyectosdeley/documentos/12768_15.pdf,2024-03-07T13:24:00,"<div><strong>Modifica la ley N° 18.290, de Tránsito, para sancionar a quienes dificulten o impidan el acceso de adultos mayores y personas con discapacidad a servicios de transporte público remunerado de pasajeros</strong></div>",6fffea51e0
R0032,senado,detail,12768-15,"""Modifica la ley N° 18.290, de Tránsito, para sancionar a quienes dificulten o impidan el acceso de adultos mayores y personas con discapacidad a servicios de transporte público remunerado de pasajeros""",,2025-05-10,07/06/2025,Segundo trámite constitucional,moción,Sandra Amar; Bernardo Berger; Catalina Del Real,,https://www.camara.cl/legislacion/proyectosdeley/documentos/12768_15.pdf?download=1,2025-05-19T08:33:00,"<div><strong>Modifica la ley N° 18.290, de Tránsito, para sancionar a quienes dificulten o impidan el acceso de adultos mayores y personas con discapacidad a servicios de transporte público remunerado de pasajeros</strong></div>",6fffea51e0
R0033,bcn,api,12768-15,"Modifica la ley N° 18.290,  de Tránsito,  para sancionar a quienes dificulten o impidan el acceso de adultos mayores y personas con discapacidad a servicios de transporte público remunerado de pasajeros",Proyecto  sobre  acceso  a  transporte  público  para  adultos  mayores  y  personas  con  discapacidad.,"Sat, 13 Apr 2024 00:26:00 -0300",2024/03/07 00:26,Cuenta de proyecto,Moción,Sandra Amar; Bernardo Berger; Catalina Del Real,https://www.camara.cl/legislacion/ProyectosDeLey/tramitacion.aspx?prmBOLETIN=12768-15&prmID=13307,https://www.camara.cl/legislacion/proyectosdeley/documentos/12768_15.pdf,2024-04-16T00:26:00,<span>Proyecto sobre acceso a transporte público para adultos mayores y personas con discapacidad.</span>,6fffea51e0
R0034,camara,table,12768-15,"Modifica  la  ley  N°  18.290,  de  Tránsito,  para  sancionar  a  quienes  dificulten  o  impidan  el  acceso  de  adultos  mayores  y  personas  con  discapacidad  a  servicios  de  transporte  público  remunerado  de  pasajeros",Proyecto sobre acceso a transporte público para adultos mayores y personas con discapacidad. Más antecedentes en el sitio institucional.,15-12-2024 16:46,2024-11-18,Segundo trámite constitucional,"""Moción"""," Sandra Amar,Bernardo Berger,Catalina Del Real ",https://www.camara.cl/legislacion/ProyectosDeLey/tramitacion.aspx?prmBOLETIN=12768-15&prmID=13307,https://www.camara.cl/legislacion/proyectosdeley/documentos/12768_15.pdf,2024-12-25T16:46:00,<span>Proyecto sobre acceso a transporte público para adultos mayores y personas con discapacidad.</span>,6fffea51e0
R0035,senado,detail,12768-15," Modifica la ley N° 18.290, de Tránsito, para sancionar a quienes dificulten o impidan el acceso de adultos mayores y personas con discapacidad a servicios de transporte público remunerado de pasajeros ","""Proyecto sobre acceso a transporte público para adultos mayores y personas con discapacidad.""",08/10/2024,2024/09/10 07:14,Segundo trámite constitucional,moción,Sandra Amar | Bernardo Berger | Catalina Del Real, https://www.camara.cl/legislacion/ProyectosDeLey/tramitacion.aspx?prmBOLETIN=12768-15&prmID=13307&utm_source=test&utm_medium=email ,https://www.camara.cl/legislacion/proyectosdeley/documentos/12768_15.pdf,2024-10-16T07:14:00,<span>Proyecto sobre acceso a transporte público para adultos mayores y personas con discapacidad.</span>,6fffea51e0
R0036,camara,detail,12768-15,"""Modifica la ley N° 18.290, de	Tránsito, para sancionar a quienes dificulten o impidan el acceso de	adultos mayores y personas con discapacidad a servicios de	transporte público remunerado de	pasajeros""",Proyecto sobre acceso a transporte público para adultos mayores y personas con discapacidad. Más antecedentes en el sitio institucional.,2025-10-04T22:10:00-0300,01-09-2025 22:10,Segundo trámite constitucional,moción,Sandra Amar; Bernardo Berger; Catalina Del Real,https://www.camara.cl/legislacion/ProyectosDeLey/tramitacion.aspx?prmBOLETIN=12768-15&prmID=13307,https://www.camara.cl/legislacion/proyectosdeley/documentos/12768_15.pdf?download=1,2025-10-12T22:10:00,<p>Boletín 12768-15</p>,6fffea51e0
R0037,crawler,misc,12768-15,"Modifica la ley N° 18.290, de Tránsito, para sancionar a quienes dificulten o impidan el acceso de adultos mayores y personas con discapacidad a servicios de transporte público remunerado de pasajeros",Proyecto sobre acceso a transporte público para adultos mayores y personas con discapacidad.,01-10-2024 00:13,,Segundo trámite constitucional,moción,"[""Sandra Amar"", ""Bernardo Berger"", ""Catalina Del Real""]",,,2024-10-05T00:13:00,<span>Proyecto sobre acceso a transporte público para adultos mayores y personas con discapacidad.</span>,6fffea51e0
R0038,bcn,api,12768-15,"Modifica la ley N° 18.290, de Tránsito, para sancionar a quienes dificulten o impidan el acceso de adultos mayores y personas con discapacidad a servicios de transporte público remunerado de pasajeros", Proyecto sobre acceso a transporte público para adultos mayores y personas con discapacidad.  Más antecedentes en el sitio institucional.,2025-07-15,2025/08/21 16:09,Trámite de aprobacion presidencial,,Sandra Amar; Bernardo Berger; Catalina Del Real,https://www.camara.cl/legislacion/ProyectosDeLey/tramitacion.aspx?prmBOLETIN=12768-15&prmID=13307&utm_source=test&utm_medium=email,https://www.camara.cl/legislacion/proyectosdeley/documentos/12768_15.pdf,2025-07-21T16:09:00,,6fffea51e0
R0039,crawler,misc,,"Modifica la ley Nº 18.290, de Tránsito, para sancionar a quienes dificulten o impidan el acceso de adultos mayores y personas con discapacidad a servicios de transporte público remunerado de pasajeros",Proyecto sobre acceso a transporte público para adultos mayores y personas con discapacidad. Más antecedentes en el sitio institucional.,2025/01/19 07:11,,Segundo trámite constitucional,Moción,"[""Sandra Amar"", ""Bernardo Berger"", ""Catalina Del Real""]",https://www.camara.cl/legislacion/ProyectosDeLey/tramitacion.aspx?prmBOLETIN=12768-15&prmID=13307,,2025-01-27T07:11:00,"<div><strong>Modifica la ley N° 18.290, de Tránsito, para sancionar a quienes dificulten o impidan el acceso de adultos mayores y personas con discapacidad a servicios de transporte público remunerado de pasajeros</strong></div>",6fffea51e0
R0040,gobcl,news,,"Modifica la ley N° 18.290, de Tránsito, para sancionar a quienes dificulten o impidan el acceso de adultos mayores y personas con discapacidad a servicios de transporte público remunerado de pasajeros",Proyecto  sobre  acceso  a  transporte  público  para  adultos  mayores  y  personas  con  discapacidad.,,"Sun, 21 Sep 2025 13:20:00 -0400",Segundo trámite constitucional,moción,,,https://www.camara.cl/legislacion/proyectosdeley/documentos/12768_15.pdf,2025-10-31T13:20:00,<p>Boletín 12768-15</p>,
R0041,camara,detail,12768-15,"Modifica la ley N° 18.290, de Tránsito, para sancionar a quienes dificulten o impidan el acceso de adultos mayores y personas con discapacidad a servicios de transporte público remunerado de pasajeros",,2025-04-01T05:11:00-0400,05-05-2025 05:11,Segundo trámite constitucional,Moción,Sandra Amar | Bernardo Berger | Catalina Del Real,https://www.camara.cl/legislacion/ProyectosDeLey/tramitacion.aspx?prmBOLETIN=12768-15&prmID=13307&utm_source=test&utm_medium=email/,https://www.camara.cl/legislacion/proyectosdeley/documentos/12768_15.pdf,2025-04-04T05:11:00,"<div><strong>Modifica la ley N° 18.290, de Tránsito, para sancionar a quienes dificulten o impidan el acceso de adultos mayores y personas con discapacidad a servicios de transporte público remunerado de pasajeros</strong></div>",6fffea51e0
R0042,crawler,misc,,"Modifica la Carta Fundamental para incluir, dentro de	las garantías constitucionales, el reconocimiento al trabajo doméstico y a la labor consistente en el cuidado de	personas","""Proyecto  sobre  reconocimiento  constitucional  del  trabajo  doméstico  y  de  cuidados.""",2024/04/10 20:10,2024-05-11T20:10:00-0300,Discusión general,Moción,Camila Rojas; Gael Yeomans; Maya Fernández,,https://www.camara.cl/legislacion/proyectosdeley/documentos/12490_07.pdf,2024-04-11T20:10:00,<p>Boletín 12490-07</p>,
R0043,camara,table,12490-07,   ,"""Proyecto sobre reconocimiento constitucional del trabajo doméstico y de	cuidados.""",2025-09-21,05/10/2025,,Moción,"Camila Rojas,Gael Yeomans,Maya Fernández",https://www.camara.cl/legislacion/ProyectosDeLey/tramitacion.aspx?prmBOLETIN=12490-07&prmID=13024,https://www.camara.cl/legislacion/proyectosdeley/documentos/12490_07.pdf,2025-09-25T20:07:00,<p>Boletín 12490-07</p>,6e8c7b2442
R0044,camara,detail,12490-07,   ,Proyecto sobre reconocimiento constitucional del trabajo doméstico y de cuidados. Más antecedentes en el sitio institucional.,2025/07/17 22:19,2025/06/15 22:19,Primer trámite constitucional,,Camila Rojas; Gael Yeomans; Maya Fernández,https://www.camara.cl/legislacion/ProyectosDeLey/tramitacion.aspx?prmBOLETIN=12490-07&prmID=13024,,2025-07-27T22:19:00,"<div><strong>Modifica la Carta Fundamental para incluir, dentro de las garantías constitucionales, el reconocimiento al trabajo doméstico y a la labor consistente en el cuidado de personas</strong></div>",6e8c7b2442
R0045,gobcl,news,12490-07,""" Modifica la Carta Fundamental para incluir, dentro de las garantías constitucionales, el reconocimiento al trabajo doméstico y a la labor consistente en el cuidado de personas """,,29-09-2025 14:46,"Sun, 24 Aug 2025 14:46:00 -0300",Primer trámite constitucional,moción,Camila Rojas; Gael Yeomans; Maya Fernández,https://www.camara.cl/legislacion/ProyectosDeLey/tramitacion.aspx?prmBOLETIN=12490-07&prmID=13024&utm_source=test&utm_medium=email,https://www.camara.cl/legislacion/proyectosdeley/documentos/12490_07.pdf,2025-09-30T14:46:00,<p>Boletín 12490-07</p>,6e8c7b2442
R0046,bcn,api,12490-07,     ,Proyecto sobre reconocimiento constitucional del trabajo doméstico y de cuidados.,12-03-2024 13:39,12/03/2024,Primer trámite constitucional, Moción ,Camila Rojas; Gael Yeomans; Maya Fernández,https://www.camara.cl/legislacion/ProyectosDeLey/tramitacion.aspx?prmBOLETIN=12490-07&prmID=13024,https://www.camara.cl/legislacion/proyectosdeley/documentos/12490_07.pdf,2024-03-16T13:39:00,,6e8c7b2442
R0047,camara,table,12490-07,"Modifica la Carta Fundamental para incluir,  dentro de las garantías constitucionales,  el reconocimiento al trabajo doméstico y a la labor consistente en el cuidado de personas",Proyecto sobre reconocimiento constitucional del trabajo doméstico y de cuidados. Más antecedentes en el sitio institucional.,2024-13-99,2024/10/04 23:56,Primer trámite constitucional,Moción,"Camila Rojas,Gael Yeomans,Maya Fernández",,https://www.camara.cl/legislacion/proyectosdeley/documentos/12490_07.pdf,2024-10-14T23:56:00,,6e8c7b2442
R0048,camara,detail,12490-07,"Modifica  la  Carta  Fundamental  para  incluir,  dentro  de	las  garantías  constitucionales,  el  reconocimiento  al  trabajo  doméstico  y  a  la  labor  consistente  en  el  cuidado  de	personas", Proyecto sobre reconocimiento constitucional del trabajo doméstico y de cuidados.  Más antecedentes en el sitio institucional.,07-07-2025 19:41,13/07/2025,Primer trámite constitucional,,Camila Rojas | Gael Yeomans | Maya Fernández,https://www.camara.cl/legislacion/ProyectosDeLey/tramitacion.aspx?prmBOLETIN=12490-07&prmID=13024&utm_source=test&utm_medium=email,https://www.camara.cl/legislacion/proyectosdeley/documentos/12490_07.pdf,2025-07-10T19:41:00,<p>Boletín 12490-07</p>,6e8c7b2442
R0049,camara,detail,12490-07,"Modifica la Carta Fundamental para incluir, dentro de las garantías constitucionales, el reconocimiento al trabajo doméstico y a la labor consistente en el cuidado de personas",Proyecto sobre reconocimiento constitucional del trabajo doméstico y de cuidados.,01-07-2024 08:53,2024-08-03,Primer trámite constitucional,moción,,https://www.camara.cl/legislacion/ProyectosDeLey/tramitacion.aspx?prmBOLETIN=12490-07&prmID=13024&utm_source=test&utm_medium=email/,https://www.camara.cl/legislacion/proyectosdeley/documentos/12490_07.pdf?download=1,2024-07-03T08:53:00,<span>Proyecto sobre reconocimiento constitucional del trabajo doméstico y de cuidados.</span>,6e8c7b2442
R0050,bcn,api,12490-07,"""Modifica la Carta Fundamental para incluir, dentro de las garantías constitucionales, el reconocimiento al trabajo doméstico y a la labor consistente en el cuidado de personas""","""Proyecto sobre reconocimiento constitucional del trabajo doméstico y de cuidados."" Más antecedentes en el sitio institucional.",03/07/2025,19/07/2025,Primer trámite constitucional,Moción,Camila Rojas | Gael Yeomans | Maya Fernández,https://www.camara.cl/legislacion/ProyectosDeLey/tramitacion.aspx?prmBOLETIN=12490-07&prmID=13024&utm_source=test&utm_medium=email,https://www.camara.cl/legislacion/proyectosdeley/documentos/12490_07.pdf,2025-07-10T18:14:00,"<div><strong>Modifica la Carta Fundamental para incluir, dentro de las garantías constitucionales, el reconocimiento al trabajo doméstico y a la labor consistente en el cuidado de personas</strong></div>",6e8c7b2442
R0051,senado,detail,,"""  Modifica  la  Carta  Fundamental  para  incluir,  dentro  de	las  garantías  constitucionales,  el  reconocimiento  al  trabajo  doméstico  y  a  la  labor  consistente  en  el  cuidado  de	personas  """,  Proyecto  sobre  reconocimiento  constitucional  del  trabajo  doméstico  y  de  cuidados.  ,2024-09-27,,Tramitación terminada,Moción,Camila Rojas | Gael Yeomans | Maya Fernández,https://www.camara.cl/legislacion/ProyectosDeLey/tramitacion.aspx?prmBOLETIN=12490-07&prmID=13024&utm_source=test&utm_medium=email,https://www.camara.cl/legislacion/proyectosdeley/documentos/12490_07.pdf,2024-10-06T00:12:00,<p>Boletín 12490-07</p>,6e8c7b2442
R0052,camara,detail,12490-07,"Modifica  la  Carta  Fundamental  para  incluir,  dentro  de  las  garantías  constitucionales,  el  reconocimiento  al  trabajo  doméstico  y  a  la  labor  consistente  en  el  cuidado  de  personas",,27/07/2025,14-08-2025 20:23,Primer trámite constitucional,Moción,Camila Rojas; Gael Yeomans; Maya Fernández,https://www.camara.cl/legislacion/ProyectosDeLey/tramitacion.aspx?prmBOLETIN=12490-07&prmID=13024&utm_source=test&utm_medium=email/,,2025-08-03T20:23:00,,6e8c7b2442
R0053,crawler,misc,12490-07,,Proyecto sobre reconocimiento constitucional del trabajo doméstico y de cuidados.,"Fri, 21 Jun 2024 23:51:00 -0400",,Primer trámite constitucional,,"[""Camila Rojas"", ""Gael Yeomans"", ""Maya Fernández""]",https://www.camara.cl/legislacion/ProyectosDeLey/tramitacion.aspx?prmBOLETIN=12490-07&prmID=13024,,2024-06-28T23:51:00,,6e8c7b2442
R0054,bcn,api,12490-07," Modifica la Carta Fundamental para incluir, dentro de las garantías constitucionales, el reconocimiento al trabajo doméstico y a la labor consistente en el cuidado de personas ",Proyecto sobre reconocimiento constitucional del trabajo doméstico y de cuidados.,08-02-2025 00:49,2025-01-22,Primer  trámite  constitucional,,"Camila Rojas,Gael Yeomans,Maya Fernández",https://www.camara.cl/legislacion/ProyectosDeLey/tramitacion.aspx?prmBOLETIN=12490-07&prmID=13024,https://www.camara.cl/legislacion/proyectosdeley/documentos/12490_07.pdf?download=1,2025-02-14T00:49:00,,6e8c7b2442
R0055,camara,table,12490-07,"Modifica la Carta Fundamental para incluir, dentro de las garantías constitucionales, el reconocimiento al trabajo doméstico y a la labor consistente en el cuidado de personas","""Proyecto sobre reconocimiento constitucional del trabajo doméstico y de cuidados.""",2025/03/22 01:55,2025-04-07T01:55:00+0000,Primer trámite constitucional,Moción,Camila Rojas | Gael Yeomans | Maya Fernández,https://www.camara.cl/legislacion/ProyectosDeLey/tramitacion.aspx?prmBOLETIN=12490-07&prmID=13024/,,2025-03-31T01:55:00,"<div><strong>Modifica la Carta Fundamental para incluir, dentro de las garantías constitucionales, el reconocimiento al trabajo doméstico y a la labor consistente en el cuidado de personas</strong></div>",6e8c7b2442
R0056,camara,detail,12490-07,, Proyecto sobre reconocimiento constitucional del trabajo doméstico y de cuidados.  Más antecedentes en el sitio institucional.,2025-11-29,,Trámite de aprobacion presidencial,Moción," [""Camila Rojas"", ""Gael Yeomans"", ""Maya Fernández""] ",https://www.camara.cl/legislacion/ProyectosDeLey/tramitacion.aspx?prmBOLETIN=12490-07&prmID=13024&utm_source=test&utm_medium=email/,https://www.camara.cl/legislacion/proyectosdeley/documentos/12490_07.pdf?download=1,2025-12-03T10:42:00,,6e8c7b2442
R0057,gobcl,news,12490-07,"  Modifica  la  Carta  Fundamental  para  incluir,  dentro  de  las  garantías  constitucionales,  el  reconocimiento  al  trabajo  doméstico  y  a  la  labor  consistente  en  el  cuidado  de  personas  ",Proyecto sobre reconocimiento constitucional del trabajo doméstico y de	cuidados.,29/02/2024,"Mon, 08 Apr 2024 00:33:00 -0400",Primer  trámite  constitucional,moción,"Camila Rojas,Gael Yeomans,Maya Fernández",https://www.camara.cl/legislacion/ProyectosDeLey/tramitacion.aspx?prmBOLETIN=12490-07&prmID=13024&utm_source=test&utm_medium=email,https://www.camara.cl/legislacion/proyectosdeley/documentos/12490_07.pdf,2024-03-02T00:33:00,"<div><strong>Modifica la Carta Fundamental para incluir, dentro de las garantías constitucionales, el reconocimiento al trabajo doméstico y a la labor consistente en el cuidado de personas</strong></div>",6e8c7b2442
R0058,bcn,api,12490-07,"""Modifica la Carta Fundamental para incluir, dentro de las garantías constitucionales, el reconocimiento al trabajo doméstico y a la labor consistente en el cuidado de personas""",  Proyecto  sobre  reconocimiento  constitucional  del  trabajo  doméstico  y  de  cuidados.  ,29/07/2024,31/02/2025,Primer trámite constitucional,moción,Camila Rojas; Gael Yeomans; Maya Fernández,https://www.camara.cl/legislacion/ProyectosDeLey/tramitacion.aspx?prmBOLETIN=12490-07&prmID=13024,https://www.camara.cl/legislacion/proyectosdeley/documentos/12490_07.pdf,2024-08-01T00:48:00,"<div><strong>Modifica la Carta Fundamental para incluir, dentro de las garantías constitucionales, el reconocimiento al trabajo doméstico y a la labor consistente en el cuidado de personas</strong></div>",6e8c7b2442
R0059,crawler,misc,12490-07,"""Modifica la Carta Fundamental para incluir, dentro de las garantías constitucionales, el reconocimiento al trabajo doméstico y a la labor consistente en el cuidado de personas""",Proyecto  sobre  reconocimiento  constitucional  del  trabajo  doméstico  y  de  cuidados. Más antecedentes en el sitio institucional.,2025/02/12 11:12,"Sun, 16 Mar 2025 11:12:00 +0000",Primer  trámite  constitucional,,Camila Rojas; Gael Yeomans; Maya Fernández,https://www.camara.cl/legislacion/ProyectosDeLey/tramitacion.aspx?prmBOLETIN=12490-07&prmID=13024,,2025-02-20T11:12:00,<span>Proyecto sobre reconocimiento constitucional del trabajo doméstico y de cuidados.</span>,6e8c7b2442
R0060,camara,table,15516-34,Establece un mecanismo para aumentar la participación de mujeres en los directorios de las sociedades anónimas abiertas y sociedades anónimas especiales,Proyecto  sobre  participación  de  mujeres  en  directorios  de  sociedades  anónimas  abiertas.,2024-11-08T13:47:00-0300,"Sun, 15 Dec 2024 13:47:00 -0400",Tramitación terminada,Mensaje,"Ministerio de Economía, Fomento y Turismo | Ministerio de Hacienda",https://www.camara.cl/legislacion/proyectosdeley/tramitacion.aspx?prmBOLETIN=15516-34&prmID=16048&utm_source=test&utm_medium=email,https://www.camara.cl/legislacion/proyectosdeley/documentos/15516_34.pdf,2024-11-15T13:47:00,<span>Proyecto sobre participación de mujeres en directorios de sociedades anónimas abiertas.</span>,b38f738fb0
R0061,bcn,api,15516-34,Establece un mecanismo para aumentar la participación de mujeres en los directorios de las sociedades anónimas abiertas y sociedades anónimas especiales,Proyecto sobre participación de mujeres en directorios de sociedades anónimas abiertas. Más antecedentes en el sitio institucional.,ayer,,Tramitación terminada,"""Mensaje""","Ministerio de Economía, Fomento y Turismo,Ministerio de Hacienda",https://www.camara.cl/legislacion/proyectosdeley/tramitacion.aspx?prmBOLETIN=15516-34&prmID=16048&utm_source=test&utm_medium=email,https://www.camara.cl/legislacion/proyectosdeley/documentos/15516_34.pdf,2025-04-15T21:14:00,<span>Proyecto sobre participación de mujeres en directorios de sociedades anónimas abiertas.</span>,b38f738fb0
R0062,camara,table,15516-34,Establece un mecanismo para aumentar la participación de mujeres en los directorios de las sociedades anónimas abiertas y sociedades anónimas especiales,  Proyecto  sobre  participación  de  mujeres  en  directorios  de  sociedades  anónimas  abiertas.  ,2025-12-09,31/02/2025,Tramitación terminada,,,https://www.camara.cl/legislacion/proyectosdeley/tramitacion.aspx?prmBOLETIN=15516-34&prmID=16048,https://www.camara.cl/legislacion/proyectosdeley/documentos/15516_34.pdf?download=1,2025-12-18T07:39:00,<p>Boletín 15516-34</p>,b38f738fb0
R0063,crawler,misc,15516-34,Establece un mecanismo para aumentar la participación de	mujeres en los directorios de	las sociedades anónimas abiertas y sociedades anónimas especiales,Proyecto  sobre  participación  de  mujeres  en  directorios  de  sociedades  anónimas  abiertas.,2024-11-08T13:47:00-0300,2024/02/22 11:19,Tramitación  terminada,,"Ministerio de Economía, Fomento y Turismo; Ministerio de Hacienda",https://www.camara.cl/legislacion/proyectosdeley/tramitacion.aspx?prmBOLETIN=15516-34&prmID=16048&utm_source=test&utm_medium=email,https://www.camara.cl/legislacion/proyectosdeley/documentos/15516_34.pdf?download=1,2024-02-20T11:19:00,,b38f738fb0
R0064,gobcl,news,15516-34,Establece un mecanismo para aumentar la participación de mujeres en los directorios de las sociedades anónimas abiertas y sociedades anónimas especiales, Proyecto sobre participación de mujeres en directorios de sociedades anónimas abiertas. ,2025/03/25 14:48,22-02-2025 14:48,Trámite de aprobacion presidencial,Mensaje,"Ministerio de Economía, Fomento y Turismo | Ministerio de Hacienda",https://www.camara.cl/legislacion/proyectosdeley/tramitacion.aspx?prmBOLETIN=15516-34&prmID=16048,https://www.camara.cl/legislacion/proyectosdeley/documentos/15516_34.pdf?download=1,2025-03-31T14:48:00,<div><strong>Establece un mecanismo para aumentar la participación de mujeres en los directorios de las sociedades anónimas abiertas y sociedades anónimas especiales</strong></div>,b38f738fb0
R0065,crawler,misc,15516-34,Establece un mecanismo para aumentar la participación de mujeres en los directorios de las sociedades anónimas abiertas y sociedades anónimas especiales,Proyecto  sobre  participación  de  mujeres  en  directorios  de  sociedades  anónimas  abiertas.,2024/04/11 15:12,15/05/2024,Segundo trámite constitucional,Mensaje,"Ministerio de Economía, Fomento y Turismo | Ministerio de Hacienda",https://www.camara.cl/legislacion/proyectosdeley/tramitacion.aspx?prmBOLETIN=15516-34&prmID=16048/,https://www.camara.cl/legislacion/proyectosdeley/documentos/15516_34.pdf,2024-04-20T15:12:00,<div><strong>Establece un mecanismo para aumentar la participación de mujeres en los directorios de las sociedades anónimas abiertas y sociedades anónimas especiales</strong></div>,b38f738fb0
R0066,camara,table,15516-34, Establece un mecanismo para aumentar la participación de mujeres en los directorios de las sociedades anónimas abiertas y sociedades anónimas especiales ,Proyecto sobre participación de mujeres en directorios de sociedades anónimas abiertas. Más antecedentes en el sitio institucional.,2025-08-14,16/07/2025,Tramitación terminada,Mensaje,"Ministerio de Economía, Fomento y Turismo | Ministerio de Hacienda",https://www.camara.cl/legislacion/proyectosdeley/tramitacion.aspx?prmBOLETIN=15516-34&prmID=16048/,https://www.camara.cl/legislacion/proyectosdeley/documentos/15516_34.pdf,2025-08-20T02:19:00,<div><strong>Establece un mecanismo para aumentar la participación de mujeres en los directorios de las sociedades anónimas abiertas y sociedades anónimas especiales</strong></div>,b38f738fb0
R0067,camara,detail,15516-34,Establece un mecanismo para aumentar la participación de mujeres en los directorios de las sociedades anónimas abiertas y sociedades anónimas especiales,Proyecto sobre participación de mujeres en directorios de sociedades anónimas abiertas.,2025-05-28,,Tramitación terminada,,"Ministerio de Economía, Fomento y Turismo; Ministerio de Hacienda",https://www.camara.cl/legislacion/proyectosdeley/tramitacion.aspx?prmBOLETIN=15516-34&prmID=16048&utm_source=test&utm_medium=email,https://www.camara.cl/legislacion/proyectosdeley/documentos/15516_34.pdf,2025-05-31T13:34:00,<div><strong>Establece un mecanismo para aumentar la participación de mujeres en los directorios de las sociedades anónimas abiertas y sociedades anónimas especiales</strong></div>,b38f738fb0
R0068,senado,detail,15516-34,Establece un mecanismo para aumentar la participación de mujeres en los directorios de las sociedades anónimas abiertas y sociedades anónimas especiales,Proyecto  sobre  participación  de  mujeres  en  directorios  de  sociedades  anónimas  abiertas.,2025-08-28T00:54:00+0000,2025-09-02T00:54:00-0400,Primer trámite constitucional,Mensaje,"[""Ministerio de Economía, Fomento y Turismo"", ""Ministerio de Hacienda""]", https://www.camara.cl/legislacion/proyectosdeley/tramitacion.aspx?prmBOLETIN=15516-34&prmID=16048/ ,,2025-09-03T00:54:00,<span>Proyecto sobre participación de mujeres en directorios de sociedades anónimas abiertas.</span>,b38f738fb0
R0069,camara,detail,15516-34, Establece un mecanismo para aumentar la participación de mujeres en los directorios de las sociedades anónimas abiertas y sociedades anónimas especiales ,Proyecto sobre participación de mujeres en directorios de sociedades anónimas abiertas.,2024-12-26,,Tramitación terminada,Mensaje,"[""Ministerio de Economía, Fomento y Turismo"", ""Ministerio de Hacienda""]",https://www.camara.cl/legislacion/proyectosdeley/tramitacion.aspx?prmBOLETIN=15516-34&prmID=16048,,2025-01-03T07:50:00,<p>Boletín 15516-34</p>,b38f738fb0
R0070,camara,detail,15516-34,  Establece  un  mecanismo  para  aumentar  la  participación  de  mujeres  en  los  directorios  de  las  sociedades  anónimas  abiertas  y  sociedades  anónimas  especiales  ,Proyecto sobre participación de mujeres en directorios de sociedades anónimas abiertas.,2024-07-02,,Tramitación terminada,Mensaje,"[""Ministerio de Economía, Fomento y Turismo"", ""Ministerio de Hacienda""]",,https://www.camara.cl/legislacion/proyectosdeley/documentos/15516_34.pdf,2024-07-08T06:47:00,<span>Proyecto sobre participación de mujeres en directorios de sociedades anónimas abiertas.</span>,b38f738fb0
R0071,camara,detail,,Establece un mecanismo para aumentar la participación de mujeres en los directorios de las sociedades anónimas abiertas y sociedades anónimas especiales, Proyecto sobre participación de mujeres en directorios de sociedades anónimas abiertas. ,"Sat, 10 Feb 2024 21:06:00 -0400",10/02/2024,Segundo trámite constitucional,Mensaje,"[""Ministerio de Economía, Fomento y Turismo"", ""Ministerio de Hacienda""]",https://www.camara.cl/legislacion/proyectosdeley/tramitacion.aspx?prmBOLETIN=15516-34&prmID=16048,,2024-02-15T21:06:00,<div><strong>Establece un mecanismo para aumentar la participación de mujeres en los directorios de las sociedades anónimas abiertas y sociedades anónimas especiales</strong></div>,b38f738fb0
R0072,senado,detail,15516-34, Establece un mecanismo para aumentar la participación de	mujeres en los directorios de	las sociedades anónimas abiertas y sociedades anónimas especiales , Proyecto sobre participación de mujeres en directorios de sociedades anónimas abiertas. ,18/06/2024,29/06/2024,Tramitación  terminada,,"[""Ministerio de Economía, Fomento y Turismo"", ""Ministerio de Hacienda""]",,https://www.camara.cl/legislacion/proyectosdeley/documentos/15516_34.pdf?download=1,2024-06-25T06:44:00,<p>Boletín 15516-34</p>,b38f738fb0
R0073,senado,detail,15516-34,Establece un mecanismo para aumentar la participación de	mujeres en los directorios de	las sociedades anónimas abiertas y sociedades anónimas especiales,Proyecto sobre participación de mujeres en directorios de sociedades anónimas abiertas.,03/04/2025,2025/04/08 17:44,Tramitación terminada,,"Ministerio de Economía, Fomento y Turismo | Ministerio de Hacienda",https://www.camara.cl/legislacion/proyectosdeley/tramitacion.aspx?prmBOLETIN=15516-34&prmID=16048,,2025-04-06T17:44:00,<p>Boletín 15516-34</p>,b38f738fb0
R0074,camara,detail,15516-34,Establece un mecanismo para aumentar la participación de	mujeres en los directorios de	las sociedades anónimas abiertas y sociedades anónimas especiales,Proyecto sobre participación de mujeres en directorios de sociedades anónimas abiertas.,2024-13-99,"Sun, 23 Jun 2024 19:39:00 -0400",Segundo trámite constitucional,Mensaje," [""Ministerio de Economía, Fomento y Turismo"", ""Ministerio de Hacienda""] ",https://www.camara.cl/legislacion/proyectosdeley/tramitacion.aspx?prmBOLETIN=15516-34&prmID=16048&utm_source=test&utm_medium=email,https://www.camara.cl/legislacion/proyectosdeley/documentos/15516_34.pdf,2024-06-08T19:39:00,,b38f738fb0
R0075,camara,detail,15516-34,"""Establece un mecanismo para aumentar la participación de mujeres en los directorios de las sociedades anónimas abiertas y sociedades anónimas especiales""", Proyecto sobre participación de mujeres en directorios de sociedades anónimas abiertas. ,,2024-12-25T17:24:00+0000,,,"Ministerio de Economía, Fomento y Turismo; Ministerio de Hacienda",HTTP://www.camara.cl/legislacion/proyectosdeley/tramitacion.aspx?prmBOLETIN=15516-34&prmID=16048/,https://www.camara.cl/legislacion/proyectosdeley/documentos/15516_34.pdf,2025-01-11T17:24:00,,b38f738fb0
R0076,camara,detail,15516-34,Establece un mecanismo para aumentar la participación de mujeres en los directorios de las sociedades anónimas abiertas y sociedades anónimas especiales,Proyecto  sobre  participación  de  mujeres  en  directorios  de  sociedades  anónimas  abiertas.,11-10-2025 12:28,"Sun, 07 Sep 2025 12:28:00 -0400","""Tramitación terminada""",Mensaje,"Ministerio de Economía, Fomento y Turismo; Ministerio de Hacienda",https://www.camara.cl/legislacion/proyectosdeley/tramitacion.aspx?prmBOLETIN=15516-34&prmID=16048&utm_source=test&utm_medium=email,https://www.camara.cl/legislacion/proyectosdeley/documentos/15516_34.pdf,2025-10-14T12:28:00,<div><strong>Establece un mecanismo para aumentar la participación de mujeres en los directorios de las sociedades anónimas abiertas y sociedades anónimas especiales</strong></div>,b38f738fb0
R0077,camara,table,16821-19,Regula los sistemas de inteligencia artificial,Proyecto sobre regulación de sistemas de inteligencia artificial y su gobernanza.,"Thu, 23 Jan 2025 18:13:00 +0000",2025/01/05 18:13,Primer trámite constitucional,,"Ministerio de Ciencia,Ministerio Secretaría General de la Presidencia", https://www.camara.cl/legislacion/proyectosdeley/tramitacion.aspx?prmBOLETIN=16821-19&prmID=17429&utm_source=test&utm_medium=email ,https://www.camara.cl/legislacion/proyectosdeley/documentos/16821_19.pdf,2025-02-02T18:13:00,<p>Boletín 16821-19</p>,9b598fc46c
R0078,gobcl,news,,Regula los sistemas de inteligencia artificial,Proyecto  sobre  regulación  de	sistemas  de	inteligencia  artificial  y  su  gobernanza.,2024/08/07 11:06,2024/07/31 11:06,Primer trámite constitucional,Mensaje,"Ministerio de Ciencia,Ministerio Secretaría General de la Presidencia",https://www.camara.cl/legislacion/proyectosdeley/tramitacion.aspx?prmBOLETIN=16821-19&prmID=17429,,2024-08-11T11:06:00,<p>Boletín 16821-19</p>,9b598fc46c
R0079,bcn,api,16821-19,Regula los sistemas de inteligencia artificial,"""Proyecto  sobre  regulación  de	sistemas  de	inteligencia  artificial  y  su  gobernanza.""",2025-07-07,"Sat, 31 May 2025 00:01:00 -0300",Tramitación terminada,Mensaje,,https://www.camara.cl/legislacion/proyectosdeley/tramitacion.aspx?prmBOLETIN=16821-19&prmID=17429/,,2025-07-15T00:01:00,<div><strong>Regula los sistemas de inteligencia artificial</strong></div>,9b598fc46c
R0080,camara,detail,16821-19, Regula los sistemas de inteligencia artificial ,Proyecto  sobre  regulación  de  sistemas  de  inteligencia  artificial  y  su  gobernanza. Más antecedentes en el sitio institucional.,2025-08-01,2025/08/14 09:17,Primer trámite constitucional,,"[""Ministerio de Ciencia"", ""Ministerio Secretaría General de la Presidencia""]",https://www.camara.cl/legislacion/proyectosdeley/tramitacion.aspx?prmBOLETIN=16821-19&prmID=17429&utm_source=test&utm_medium=email,https://www.camara.cl/legislacion/proyectosdeley/documentos/16821_19.pdf?download=1,2025-08-07T09:17:00,<span>Proyecto sobre regulación de sistemas de inteligencia artificial y su gobernanza.</span>,9b598fc46c
R0081,crawler,misc,16821-19,"""Regula los sistemas de inteligencia artificial""", Proyecto sobre regulación de sistemas de inteligencia artificial y su gobernanza. ,01-12-2024 11:04,30/10/2024,Primer trámite constitucional,,Ministerio de Ciencia; Ministerio Secretaría General de la Presidencia,https://www.camara.cl/legislacion/proyectosdeley/tramitacion.aspx?prmBOLETIN=16821-19&prmID=17429,,2024-12-05T11:04:00,<div><strong>Regula los sistemas de inteligencia artificial</strong></div>,9b598fc46c
R0082,camara,detail,16821-19,Regula los sistemas de	inteligencia artificial,Proyecto  sobre  regulación  de  sistemas  de  inteligencia  artificial  y  su  gobernanza.,"Fri, 14 Mar 2025 18:12:00 -0400",2025/03/06 18:12,Segundo trámite constitucional,,"[""Ministerio de Ciencia"", ""Ministerio Secretaría General de la Presidencia""]",https://www.camara.cl/legislacion/proyectosdeley/tramitacion.aspx?prmBOLETIN=16821-19&prmID=17429&utm_source=test&utm_medium=email,https://www.camara.cl/legislacion/proyectosdeley/documentos/16821_19.pdf?download=1,2025-03-20T18:12:00,<div><strong>Regula los sistemas de inteligencia artificial</strong></div>,9b598fc46c
R0083,gobcl,news,16821-19,Regula los sistemas de	inteligencia artificial,Proyecto sobre regulación de sistemas de inteligencia artificial y su gobernanza. Más antecedentes en el sitio institucional.,"Fri, 14 Mar 2025 18:12:00 -0400",2025/07/28 12:48,"""Primer trámite constitucional""",Mensaje,"[""Ministerio de Ciencia"", ""Ministerio Secretaría General de la Presidencia""]",https://www.camara.cl/legislacion/proyectosdeley/tramitacion.aspx?prmBOLETIN=16821-19&prmID=17429&utm_source=test&utm_medium=email,,2025-07-15T12:48:00,,9b598fc46c
R0084,crawler,misc,,Regula los sistemas de	inteligencia artificial,Proyecto sobre regulación de sistemas de inteligencia artificial y su gobernanza.,30/05/2024,31/02/2025,Primer trámite constitucional,""" Mensaje """,Ministerio de Ciencia; Ministerio Secretaría General de la Presidencia, https://www.camara.cl/legislacion/proyectosdeley/tramitacion.aspx?prmBOLETIN=16821-19&prmID=17429&utm_source=test&utm_medium=email ,,2024-06-01T00:06:00,<div><strong>Regula los sistemas de inteligencia artificial</strong></div>,9b598fc46c
R0085,senado,detail,16821-19,Regula los sistemas de inteligencia artificial,,2024-02-15T23:55:00+0000,2024-03-25, Primer trámite constitucional ,mensaje,, https://www.camara.cl/legislacion/proyectosdeley/tramitacion.aspx?prmBOLETIN=16821-19&prmID=17429 ,https://www.camara.cl/legislacion/proyectosdeley/documentos/16821_19.pdf,2024-02-18T23:55:00,<p>Boletín 16821-19</p>,9b598fc46c
R0086,crawler,misc,16821-19,Regula los sistemas de inteligencia artificial,Proyecto sobre regulación de sistemas de inteligencia artificial y su gobernanza.,2024-12-20,2024/11/10 08:34,Cuenta de proyecto,Mensaje,"Ministerio de Ciencia,Ministerio Secretaría General de la Presidencia", https://www.camara.cl/legislacion/proyectosdeley/tramitacion.aspx?prmBOLETIN=16821-19&prmID=17429 ,https://www.camara.cl/legislacion/proyectosdeley/documentos/16821_19.pdf,2024-12-30T08:34:00,<div><strong>Regula los sistemas de inteligencia artificial</strong></div>,9b598fc46c
R0087,gobcl,news,16821-19,Regula los sistemas de inteligencia artificial, Proyecto sobre regulación de sistemas de inteligencia artificial y su gobernanza. ,2024/03/06 23:12,31/02/2025,"""Primer  trámite  constitucional""",mensaje, Ministerio de Ciencia; Ministerio Secretaría General de la Presidencia ,https://www.camara.cl/legislacion/proyectosdeley/tramitacion.aspx?prmBOLETIN=16821-19&prmID=17429/,,2024-03-14T23:12:00,,9b598fc46c
R0088,crawler,misc,16821-19,Regula los sistemas de inteligencia artificial,Proyecto sobre regulación de sistemas de inteligencia artificial y su gobernanza.,2025-10-18T11:54:00-0300,01/10/2025,Primer trámite constitucional, Mensaje ,Ministerio de Ciencia | Ministerio Secretaría General de la Presidencia,https://www.camara.cl/legislacion/proyectosdeley/tramitacion.aspx?prmBOLETIN=16821-19&prmID=17429,,2025-10-25T11:54:00,<div><strong>Regula los sistemas de inteligencia artificial</strong></div>,9b598fc46c
R0089,senado,detail,16821-19,"""Regula los sistemas de inteligencia artificial""","""Proyecto sobre regulación de sistemas de inteligencia artificial y su gobernanza.""",19-01-2025 20:12,2025-02-28T20:12:00-0300,Primer trámite constitucional,  Mensaje  ,Ministerio de Ciencia | Ministerio Secretaría General de la Presidencia,https://www.camara.cl/legislacion/proyectosdeley/tramitacion.aspx?prmBOLETIN=16821-19&prmID=17429,https://www.camara.cl/legislacion/proyectosdeley/documentos/16821_19.pdf?download=1,2025-01-28T20:12:00,,9b598fc46c
R0090,bcn,api,16821-19,"""Regula los sistemas de inteligencia artificial""", Proyecto sobre regulación de sistemas de inteligencia artificial y su gobernanza.  Más antecedentes en el sitio institucional.,2025/06/03 08:53,2025-05-29T08:53:00+0000,Primer trámite constitucional,mensaje,"Ministerio de Ciencia,Ministerio Secretaría General de la Presidencia",https://www.camara.cl/legislacion/proyectosdeley/tramitacion.aspx?prmBOLETIN=16821-19&prmID=17429,,2025-06-13T08:53:00,,9b598fc46c
R0091,senado,detail,16821-19,Regula los sistemas de inteligencia artificial,Proyecto sobre regulación de sistemas de inteligencia artificial y su gobernanza.,2024-02-29,,Primer trámite constitucional,Mensaje,"Ministerio de Ciencia,Ministerio Secretaría General de la Presidencia",https://www.camara.cl/legislacion/proyectosdeley/tramitacion.aspx?prmBOLETIN=16821-19&prmID=17429/,https://www.camara.cl/legislacion/proyectosdeley/documentos/16821_19.pdf?download=1,2024-03-07T14:47:00,,9b598fc46c
R0092,bcn,api,16821-19, Regula los sistemas de inteligencia artificial ,Proyecto  sobre  regulación  de  sistemas  de  inteligencia  artificial  y  su  gobernanza. Más antecedentes en el sitio institucional.,2025-02-20T02:21:00-0400,23-02-2025 02:21,,mensaje,"[""Ministerio de Ciencia"", ""Ministerio Secretaría General de la Presidencia""]",https://www.camara.cl/legislacion/proyectosdeley/tramitacion.aspx?prmBOLETIN=16821-19&prmID=17429,https://www.camara.cl/legislacion/proyectosdeley/documentos/16821_19.pdf,2025-03-02T02:21:00,<p>Boletín 16821-19</p>,9b598fc46c
R0093,gobcl,news,16821-19,,Proyecto sobre regulación de sistemas de inteligencia artificial y su gobernanza.,21/10/2024,2024-10-09T05:43:00-0300,Primer trámite constitucional,mensaje,"[""Ministerio de Ciencia"", ""Ministerio Secretaría General de la Presidencia""]",https://www.camara.cl/legislacion/proyectosdeley/tramitacion.aspx?prmBOLETIN=16821-19&prmID=17429&utm_source=test&utm_medium=email,https://www.camara.cl/legislacion/proyectosdeley/documentos/16821_19.pdf,2024-10-22T05:43:00,<span>Proyecto sobre regulación de sistemas de inteligencia artificial y su gobernanza.</span>,9b598fc46c
R0094,senado,detail,16821-19,Regula los sistemas de	inteligencia artificial,Proyecto sobre regulación de sistemas de inteligencia artificial y su gobernanza.,20-03-2024 06:47,20-02-2024 06:47,Primer trámite constitucional,, Ministerio de Ciencia; Ministerio Secretaría General de la Presidencia ,https://www.camara.cl/legislacion/proyectosdeley/tramitacion.aspx?prmBOLETIN=16821-19&prmID=17429&utm_source=test&utm_medium=email,https://www.camara.cl/legislacion/proyectosdeley/documentos/16821_19.pdf,2024-03-25T06:47:00,<div><strong>Regula los sistemas de inteligencia artificial</strong></div>,9b598fc46c
R0095,camara,detail,16821-19,Regula los sistemas de inteligencia artificial, Proyecto sobre regulación de sistemas de inteligencia artificial y su gobernanza. ,"Sat, 11 Jan 2025 16:56:00 +0000",2024-12-03,Primer trámite constitucional,Mensaje,"[""Ministerio de Ciencia"", ""Ministerio Secretaría General de la Presidencia""]",https://www.camara.cl/legislacion/proyectosdeley/tramitacion.aspx?prmBOLETIN=16821-19&prmID=17429&utm_source=test&utm_medium=email/,,2025-01-16T16:56:00,<div><strong>Regula los sistemas de inteligencia artificial</strong></div>,9b598fc46c
R0096,gobcl,news,16821-19,"""Regula  los  sistemas  de	inteligencia  artificial""",Proyecto  sobre  regulación  de	sistemas  de	inteligencia  artificial  y  su  gobernanza.,07/04/2025,2025-04-16T10:16:00-0300,Primer trámite constitucional,mensaje,"Ministerio de Ciencia,Ministerio Secretaría General de la Presidencia",,https://www.camara.cl/legislacion/proyectosdeley/documentos/16821_19.pdf,2025-04-15T10:16:00,,9b598fc46c
R0097,bcn,api,, Regula los sistemas de inteligencia artificial ,Proyecto sobre regulación de sistemas de inteligencia artificial y su gobernanza.,25-03-2024 05:16,,Primer trámite constitucional,mensaje,,,https://www.camara.cl/legislacion/proyectosdeley/documentos/16821_19.pdf,2024-03-26T05:16:00,,
R0098,camara,detail,16821-19,Regula los sistemas de inteligencia artificial,"""Proyecto  sobre  regulación  de  sistemas  de  inteligencia  artificial  y  su  gobernanza.""",2024-04-22T15:39:00-0400,2024-05-19T15:39:00-0300,Primer  trámite  constitucional,mensaje,,https://www.camara.cl/legislacion/proyectosdeley/tramitacion.aspx?prmBOLETIN=16821-19&prmID=17429,,2024-04-29T15:39:00,<div><strong>Regula los sistemas de inteligencia artificial</strong></div>,9b598fc46c
R0099,crawler,misc,16821-19,   ,,2024-04-20,2024-04-10T13:16:00-0300,Discusión general,Mensaje,Ministerio de Ciencia | Ministerio Secretaría General de la Presidencia,,https://www.camara.cl/legislacion/proyectosdeley/documentos/16821_19.pdf,2024-04-27T13:16:00,<div><strong>Regula los sistemas de inteligencia artificial</strong></div>,9b598fc46c
R0100,bcn,api,16821-19,Regula los sistemas de inteligencia artificial,,30/06/2024,2024-07-20,"""Primer  trámite  constitucional""",Mensaje,Ministerio de Ciencia; Ministerio Secretaría General de la Presidencia,,https://www.camara.cl/legislacion/proyectosdeley/documentos/16821_19.pdf,2024-07-07T07:11:00,<div><strong>Regula los sistemas de inteligencia artificial</strong></div>,9b598fc46c
R0101,crawler,misc,17522-12, Aumenta sanciones aplicables a la incineración de basura y promueve la educación ambiental en manejo de residuos ,,08/10/2024,2024-09-13T00:15:00-0400,Primer trámite constitucional,Moción, Félix Bugueño | Camila Musante | Jaime Sáez ,,https://www.camara.cl/legislacion/proyectosdeley/documentos/17522_12.pdf,2024-10-17T00:15:00,<p>Boletín 17522-12</p>,a796187a90
R0102,senado,detail,17522-12,Aumenta sanciones aplicables a la incineración de basura y promueve la educación ambiental en manejo de residuos,  Proyecto  ambiental  sobre  sanciones  a  la  incineración  de  basura  y  educación  ambiental.  ,"Wed, 20 Nov 2024 22:56:00 +0000",2024-11-02,,moción,,https://www.camara.cl/legislacion/ProyectosDeLey/tramitacion.aspx?prmBOLETIN=17522-12&prmID=18162/,https://www.camara.cl/legislacion/proyectosdeley/documentos/17522_12.pdf?download=1,2024-11-25T22:56:00,<div><strong>Aumenta sanciones aplicables a la incineración de basura y promueve la educación ambiental en manejo de residuos</strong></div>,a796187a90
R0103,senado,detail,17522-12,Aumenta sanciones aplicables a la incineración de basura y promueve la educación ambiental en manejo de residuos, Proyecto ambiental sobre sanciones a la incineración de basura y educación ambiental. ,2024-13-99,04-01-2025 04:16,Primer trámite constitucional,Moción,Félix Bugueño | Camila Musante | Jaime Sáez,https://www.camara.cl/legislacion/ProyectosDeLey/tramitacion.aspx?prmBOLETIN=17522-12&prmID=18162&utm_source=test&utm_medium=email,https://www.camara.cl/legislacion/proyectosdeley/documentos/17522_12.pdf,2025-01-26T04:16:00,,a796187a90
R0104,senado,detail,17522-12,Aumenta sanciones aplicables a la incineración de basura y promueve la educación ambiental en manejo de residuos,Proyecto  ambiental  sobre  sanciones  a  la  incineración  de	basura  y  educación  ambiental.,2025/04/14 01:45,2025-04-17,Trámite de aprobacion presidencial,  Moción  ,,https://www.camara.cl/legislacion/ProyectosDeLey/tramitacion.aspx?prmBOLETIN=17522-12&prmID=18162/,,2025-04-23T01:45:00,<div><strong>Aumenta sanciones aplicables a la incineración de basura y promueve la educación ambiental en manejo de residuos</strong></div>,a796187a90
R0105,crawler,misc,17522-12, Aumenta sanciones aplicables a la incineración de basura y promueve la educación ambiental en manejo de residuos ,Proyecto ambiental sobre sanciones a la incineración de	basura y educación ambiental.,"Sun, 11 May 2025 08:17:00 -0300",2025-04-05,Primer trámite constitucional,moción,"[""Félix Bugueño"", ""Camila Musante"", ""Jaime Sáez""]", https://www.camara.cl/legislacion/ProyectosDeLey/tramitacion.aspx?prmBOLETIN=17522-12&prmID=18162 ,,2025-05-19T08:17:00,<p>Boletín 17522-12</p>,a796187a90
R0106,camara,table,17522-12,Aumenta sanciones aplicables a la incineración de	basura y promueve la educación ambiental en manejo de	residuos, Proyecto ambiental sobre sanciones a la incineración de basura y educación ambiental.  Más antecedentes en el sitio institucional.,2025-10-12,31/02/2025,Primer trámite constitucional, Moción ,Félix Bugueño; Camila Musante; Jaime Sáez,https://www.camara.cl/legislacion/ProyectosDeLey/tramitacion.aspx?prmBOLETIN=17522-12&prmID=18162&utm_source=test&utm_medium=email,https://www.camara.cl/legislacion/proyectosdeley/documentos/17522_12.pdf?download=1,2025-10-20T16:42:00,,a796187a90
R0107,camara,table,,"""Aumenta sanciones aplicables a la incineración de basura y promueve la educación ambiental en manejo de residuos""", Proyecto ambiental sobre sanciones a la incineración de basura y educación ambiental. ,2024-10-17T08:56:00-0400,,Primer trámite constitucional,Moción,"[""Félix Bugueño"", ""Camila Musante"", ""Jaime Sáez""]",https://www.camara.cl/legislacion/ProyectosDeLey/tramitacion.aspx?prmBOLETIN=17522-12&prmID=18162,https://www.camara.cl/legislacion/proyectosdeley/documentos/17522_12.pdf,2024-10-19T08:56:00,<div><strong>Aumenta sanciones aplicables a la incineración de basura y promueve la educación ambiental en manejo de residuos</strong></div>,a796187a90
R0108,camara,detail,17522-12,Aumenta sanciones aplicables a la incineración de basura y promueve la educación ambiental en manejo de residuos, Proyecto ambiental sobre sanciones a la incineración de basura y educación ambiental.  Más antecedentes en el sitio institucional.,"Tue, 15 Apr 2025 01:51:00 +0000",29-03-2025 01:51,Primer  trámite  constitucional,,Félix Bugueño | Camila Musante | Jaime Sáez,https://www.camara.cl/legislacion/ProyectosDeLey/tramitacion.aspx?prmBOLETIN=17522-12&prmID=18162,,2025-04-23T01:51:00,<div><strong>Aumenta sanciones aplicables a la incineración de basura y promueve la educación ambiental en manejo de residuos</strong></div>,a796187a90
R0109,camara,detail,17522-12,Aumenta sanciones aplicables a la incineración de basura y promueve la educación ambiental en manejo de residuos,Proyecto ambiental sobre sanciones a la incineración de basura y educación ambiental. Más antecedentes en el sitio institucional.,2025-10-20T20:23:00-0300,2025-11-19,Primer trámite constitucional,Moción,Félix Bugueño | Camila Musante | Jaime Sáez,https://www.camara.cl/legislacion/ProyectosDeLey/tramitacion.aspx?prmBOLETIN=17522-12&prmID=18162&utm_source=test&utm_medium=email,,2025-10-22T20:23:00,<span>Proyecto ambiental sobre sanciones a la incineración de basura y educación ambiental.</span>,a796187a90
R0110,camara,detail,,,Proyecto ambiental sobre sanciones a la incineración de basura y educación ambiental.,2025-10-20T20:23:00-0300,12-09-2024 15:46,Primer trámite constitucional,moción,"Félix Bugueño,Camila Musante,Jaime Sáez",https://www.camara.cl/legislacion/ProyectosDeLey/tramitacion.aspx?prmBOLETIN=17522-12&prmID=18162&utm_source=test&utm_medium=email,,2024-10-15T15:46:00,<span>Proyecto ambiental sobre sanciones a la incineración de basura y educación ambiental.</span>,a796187a90
R0111,camara,table,17522-12,  Aumenta  sanciones  aplicables  a  la  incineración  de  basura  y  promueve  la  educación  ambiental  en  manejo  de  residuos  ,  Proyecto  ambiental  sobre  sanciones  a  la  incineración  de  basura  y  educación  ambiental.  ,"Mon, 23 Jun 2025 19:43:00 +0000",2025-07-11T19:43:00-0400,Primer  trámite  constitucional,moción,Félix Bugueño; Camila Musante; Jaime Sáez,https://www.camara.cl/legislacion/ProyectosDeLey/tramitacion.aspx?prmBOLETIN=17522-12&prmID=18162&utm_source=test&utm_medium=email,https://www.camara.cl/legislacion/proyectosdeley/documentos/17522_12.pdf,2025-06-25T19:43:00,<div><strong>Aumenta sanciones aplicables a la incineración de basura y promueve la educación ambiental en manejo de residuos</strong></div>,a796187a90
R0112,camara,detail,17522-12,  Aumenta  sanciones  aplicables  a  la  incineración  de  basura  y  promueve  la  educación  ambiental  en  manejo  de  residuos  ,Proyecto ambiental sobre sanciones a la incineración de basura y educación ambiental. Más antecedentes en el sitio institucional.,2024/09/30 08:02,,  Primer  trámite  constitucional  ,Moción, Félix Bugueño | Camila Musante | Jaime Sáez ,https://www.camara.cl/legislacion/ProyectosDeLey/tramitacion.aspx?prmBOLETIN=17522-12&prmID=18162&utm_source=test&utm_medium=email,https://www.camara.cl/legislacion/proyectosdeley/documentos/17522_12.pdf,2024-10-02T08:02:00,<p>Boletín 17522-12</p>,a796187a90
R0113,camara,detail,17522-12,"""  Aumenta  sanciones  aplicables  a  la  incineración  de  basura  y  promueve  la  educación  ambiental  en  manejo  de  residuos  """, Proyecto ambiental sobre sanciones a la incineración de basura y educación ambiental. ,"Sun, 11 May 2025 08:17:00 -0300",25-08-2024 01:05,Primer trámite constitucional,moción,"[""Félix Bugueño"", ""Camila Musante"", ""Jaime Sáez""]",HTTP://www.camara.cl/legislacion/ProyectosDeLey/tramitacion.aspx?prmBOLETIN=17522-12&prmID=18162,,2024-09-24T01:05:00,<p>Boletín 17522-12</p>,a796187a90
R0114,senado,detail,17522-12,Aumenta  sanciones  aplicables  a  la  incineración  de  basura  y  promueve  la  educación  ambiental  en  manejo  de  residuos,Proyecto ambiental sobre sanciones a la incineración de basura y educación ambiental.,2024-11-18,"Sat, 23 Nov 2024 22:09:00 -0300", Primer trámite constitucional ,moción,"[""Félix Bugueño"", ""Camila Musante"", ""Jaime Sáez""]",,https://www.camara.cl/legislacion/proyectosdeley/documentos/17522_12.pdf?download=1,2024-11-24T22:09:00,<span>Proyecto ambiental sobre sanciones a la incineración de basura y educación ambiental.</span>,a796187a90
R0115,gobcl,news,17522-12,Aumenta sanciones aplicables a la incineración de basura y promueve la educación ambiental en manejo de residuos,Proyecto ambiental sobre sanciones a la incineración de basura y educación ambiental. Más antecedentes en el sitio institucional.,,2025-12-13,Primer  trámite  constitucional,,"Félix Bugueño,Camila Musante,Jaime Sáez",https://www.camara.cl/legislacion/ProyectosDeLey/tramitacion.aspx?prmBOLETIN=17522-12&prmID=18162,https://www.camara.cl/legislacion/proyectosdeley/documentos/17522_12.pdf,2025-11-22T12:20:00,<div><strong>Aumenta sanciones aplicables a la incineración de basura y promueve la educación ambiental en manejo de residuos</strong></div>,a796187a90
R0116,crawler,misc,17522-12,Aumenta sanciones aplicables a la incineración de basura y promueve la educación ambiental en manejo de residuos,"""Proyecto ambiental sobre sanciones a la incineración de basura y educación ambiental."" Más antecedentes en el sitio institucional.",2024/09/03 16:43,"Mon, 09 Sep 2024 16:43:00 +0000",Primer trámite constitucional,,Félix Bugueño | Camila Musante | Jaime Sáez,https://www.camara.cl/legislacion/ProyectosDeLey/tramitacion.aspx?prmBOLETIN=17522-12&prmID=18162,https://www.camara.cl/legislacion/proyectosdeley/documentos/17522_12.pdf,2024-09-06T16:43:00,,a796187a90
R0117,camara,detail,17245-12,"""Modifica  la  ley  N°  21.020,    para  perfeccionar  el  sistema  de  identificación  y  registro  de  mascotas  o  animales  de  compañía""",Proyecto sobre registro de mascotas y animales de compañía.,10/11/2025,31/02/2025,Tramitación terminada,,,https://www.camara.cl/legislacion/ProyectosDeLey/tramitacion.aspx?prmBOLETIN=17245-12&prmID=17878,https://www.camara.cl/legislacion/proyectosdeley/documentos/17245_12.pdf,2025-11-13T04:26:00,<span>Proyecto sobre registro de mascotas y animales de compañía.</span>,aeb0a0e620
R0118,gobcl,news,17245-12,"Modifica la ley N° 21.020,  para perfeccionar el sistema de identificación y registro de mascotas o animales de compañía","""Proyecto sobre registro de mascotas y animales de compañía."" Más antecedentes en el sitio institucional.",07/05/2024,12/06/2024,Trámite de aprobacion presidencial,,"Juan Santana,Daniella Cicardini",https://www.camara.cl/legislacion/ProyectosDeLey/tramitacion.aspx?prmBOLETIN=17245-12&prmID=17878&utm_source=test&utm_medium=email/,https://www.camara.cl/legislacion/proyectosdeley/documentos/17245_12.pdf?download=1,2024-05-15T09:59:00,,aeb0a0e620
R0119,senado,detail,17245-12," Modifica la ley N° 21.020, para perfeccionar el sistema de identificación y registro de mascotas o animales de compañía ",Proyecto sobre registro de mascotas y animales de compañía.,12-05-2025 02:42,01-06-2025 02:42,,,"[""Juan Santana"", ""Daniella Cicardini""]",https://www.camara.cl/legislacion/ProyectosDeLey/tramitacion.aspx?prmBOLETIN=17245-12&prmID=17878/,https://www.camara.cl/legislacion/proyectosdeley/documentos/17245_12.pdf,2025-05-18T02:42:00,<span>Proyecto sobre registro de mascotas y animales de compañía.</span>,aeb0a0e620
R0120,bcn,api,17245-12,"  ""Modifica    la    ley    N°    21.020,        para    perfeccionar    el    sistema    de    identificación    y    registro    de    mascotas    o    animales    de    compañía""  ",Proyecto sobre registro de mascotas y animales de compañía.,11-11-2025 15:48,31/02/2025,Segundo trámite constitucional,Moción,Juan Santana | Daniella Cicardini,HTTP://www.camara.cl/legislacion/ProyectosDeLey/tramitacion.aspx?prmBOLETIN=17245-12&prmID=17878/,,2025-11-12T15:48:00,<span>Proyecto sobre registro de mascotas y animales de compañía.</span>,aeb0a0e620
R0121,gobcl,news,17245-12,"Modifica la ley N° 21.020,   para perfeccionar el sistema de identificación y registro de mascotas o animales de compañía",Proyecto sobre registro de mascotas y animales de compañía.,,,Segundo trámite constitucional,Moción,Juan Santana; Daniella Cicardini,https://www.camara.cl/legislacion/ProyectosDeLey/tramitacion.aspx?prmBOLETIN=17245-12&prmID=17878&utm_source=test&utm_medium=email/,https://www.camara.cl/legislacion/proyectosdeley/documentos/17245_12.pdf,2025-08-04T13:19:00,<span>Proyecto sobre registro de mascotas y animales de compañía.</span>,aeb0a0e620
R0122,gobcl,news,17245-12,"Modifica la ley N° 21.020, para perfeccionar el sistema de identificación y registro de mascotas o animales de compañía",Proyecto sobre registro de mascotas y animales de compañía. Más antecedentes en el sitio institucional.,"Tue, 26 Aug 2025 10:58:00 -0400",,Segundo trámite constitucional,,"Juan Santana,Daniella Cicardini",https://www.camara.cl/legislacion/ProyectosDeLey/tramitacion.aspx?prmBOLETIN=17245-12&prmID=17878,https://www.camara.cl/legislacion/proyectosdeley/documentos/17245_12.pdf,2025-09-05T10:58:00,"<div><strong>Modifica la ley N° 21.020, para perfeccionar el sistema de identificación y registro de mascotas o animales de compañía</strong></div>",aeb0a0e620
R0123,gobcl,news,17245-12,"Modifica la ley Nº 21.020, para perfeccionar el sistema de identificación y registro de mascotas o animales de compañía",Proyecto  sobre  registro  de  mascotas  y  animales  de  compañía.,10-10-2024 05:51,2024-09-20,Segundo trámite constitucional,Moción,,https://www.camara.cl/legislacion/ProyectosDeLey/tramitacion.aspx?prmBOLETIN=17245-12&prmID=17878/,,2024-10-15T05:51:00,<p>Boletín 17245-12</p>,aeb0a0e620
R0124,gobcl,news,17245-12,"Modifica la ley N° 21.020, para perfeccionar el sistema de identificación y registro de mascotas o animales de compañía","""Proyecto sobre registro de mascotas y animales de compañía.""",2025-07-08,2025-08-10T00:19:00-0400,Segundo trámite constitucional,, Juan Santana | Daniella Cicardini ,https://www.camara.cl/legislacion/ProyectosDeLey/tramitacion.aspx?prmBOLETIN=17245-12&prmID=17878/,,2025-07-13T00:19:00,<p>Boletín 17245-12</p>,aeb0a0e620
R0125,crawler,misc,17245-12,"  Modifica  la  ley  N°  21.020,  para  perfeccionar  el  sistema  de  identificación  y  registro  de  mascotas  o  animales  de  compañía  ","""Proyecto sobre registro de mascotas y animales de compañía."" Más antecedentes en el sitio institucional.",2024-05-17,2024-06-10T06:41:00-0400,Segundo  trámite  constitucional,,Juan Santana; Daniella Cicardini,https://www.camara.cl/legislacion/ProyectosDeLey/tramitacion.aspx?prmBOLETIN=17245-12&prmID=17878,,2024-05-25T06:41:00,,aeb0a0e620
R0126,gobcl,news,17245-12,"Modifica la ley N° 21.020, para perfeccionar el sistema de identificación y registro de mascotas o animales de compañía",Proyecto sobre registro de mascotas y animales de compañía.,2025/06/08 04:51,2025-05-19,,moción,Juan Santana; Daniella Cicardini,https://www.camara.cl/legislacion/ProyectosDeLey/tramitacion.aspx?prmBOLETIN=17245-12&prmID=17878,,2025-06-09T04:51:00,<span>Proyecto sobre registro de mascotas y animales de compañía.</span>,aeb0a0e620
R0127,camara,detail,17245-12," Modifica la ley Nº 21.020, para perfeccionar el sistema de identificación y registro de mascotas o animales de compañía ",Proyecto  sobre  registro  de	mascotas  y  animales  de	compañía.,2024/09/14 07:37,2024-09-10T07:37:00-0400,Segundo trámite constitucional,Moción,"Juan Santana,Daniella Cicardini",https://www.camara.cl/legislacion/ProyectosDeLey/tramitacion.aspx?prmBOLETIN=17245-12&prmID=17878&utm_source=test&utm_medium=email,https://www.camara.cl/legislacion/proyectosdeley/documentos/17245_12.pdf,2024-09-17T07:37:00,,aeb0a0e620
R0128,camara,detail,,"Modifica la ley N° 21.020, para perfeccionar el sistema de identificación y registro de mascotas o animales de compañía",Proyecto  sobre  registro  de  mascotas  y  animales  de  compañía. Más antecedentes en el sitio institucional.,28/03/2025,2025-04-06T06:04:00-0400,Segundo trámite constitucional,moción,Juan Santana | Daniella Cicardini,,,2025-03-29T06:04:00,<span>Proyecto sobre registro de mascotas y animales de compañía.</span>,
R0129,gobcl,news,17245-12,"Modifica  la  ley  N°  21.020,    para  perfeccionar  el  sistema  de  identificación  y  registro  de  mascotas  o  animales  de  compañía","""Proyecto sobre registro de	mascotas y animales de	compañía.""",15/09/2024,2024/08/29 12:08,Segundo trámite constitucional,moción,Juan Santana | Daniella Cicardini,,,2024-09-24T12:08:00,<span>Proyecto sobre registro de mascotas y animales de compañía.</span>,aeb0a0e620
R0130,bcn,api,17245-12,"Modifica la ley N° 21.020,  para perfeccionar el sistema de	identificación y registro de	mascotas o animales de	compañía",Proyecto sobre registro de mascotas y animales de compañía.,07/05/2024,08-09-2024 07:59,Segundo trámite constitucional,Moción,Juan Santana | Daniella Cicardini,https://www.camara.cl/legislacion/ProyectosDeLey/tramitacion.aspx?prmBOLETIN=17245-12&prmID=17878&utm_source=test&utm_medium=email/,https://www.camara.cl/legislacion/proyectosdeley/documentos/17245_12.pdf?download=1,2024-10-17T07:59:00,,aeb0a0e620
R0131,crawler,misc,17245-12," Modifica la ley N° 21.020, para perfeccionar el sistema de identificación y registro de mascotas o animales de compañía ",Proyecto sobre registro de mascotas y animales de compañía. Más antecedentes en el sitio institucional.,31/03/2024,,Segundo trámite constitucional,,, https://www.camara.cl/legislacion/ProyectosDeLey/tramitacion.aspx?prmBOLETIN=17245-12&prmID=17878&utm_source=test&utm_medium=email ,https://www.camara.cl/legislacion/proyectosdeley/documentos/17245_12.pdf,2024-04-09T14:21:00,,aeb0a0e620
R0132,gobcl,news,17245-12,"Modifica la ley N° 21.020, para perfeccionar el sistema de identificación y registro de mascotas o animales de compañía",,2025-07-13T16:49:00-0300,31/02/2025,Segundo  trámite  constitucional,,"[""Juan Santana"", ""Daniella Cicardini""]",https://www.camara.cl/legislacion/ProyectosDeLey/tramitacion.aspx?prmBOLETIN=17245-12&prmID=17878,https://www.camara.cl/legislacion/proyectosdeley/documentos/17245_12.pdf,2025-07-18T16:49:00,,aeb0a0e620
R0133,camara,table,17245-12,"Modifica  la  ley  N°  21.020,  para  perfeccionar  el  sistema  de  identificación  y  registro  de  mascotas  o  animales  de  compañía",Proyecto sobre registro de	mascotas y animales de	compañía.,11/09/2024,03-09-2024 00:11,Segundo trámite constitucional,,,https://www.camara.cl/legislacion/ProyectosDeLey/tramitacion.aspx?prmBOLETIN=17245-12&prmID=17878,,2024-09-14T00:11:00,<span>Proyecto sobre registro de mascotas y animales de compañía.</span>,aeb0a0e620
R0134,crawler,misc,17245-12,"Modifica la ley N° 21.020, para perfeccionar el sistema de	identificación y registro de	mascotas o animales de	compañía",Proyecto sobre registro de mascotas y animales de compañía.,2024-09-22,04/09/2024,Segundo trámite constitucional,moción,Juan Santana; Daniella Cicardini,https://www.camara.cl/legislacion/ProyectosDeLey/tramitacion.aspx?prmBOLETIN=17245-12&prmID=17878,https://www.camara.cl/legislacion/proyectosdeley/documentos/17245_12.pdf,2024-09-23T20:32:00,<p>Boletín 17245-12</p>,aeb0a0e620
R0135,camara,detail,18137-05,"Adopta  medidas  transitorias  para  contener  el  precio  del  kerosene  doméstico  en  el  contexto  de  la  emergencia  energética  internacional,    y  otras  medidas  que  indica",Proyecto sobre medidas transitorias para contener el precio del kerosene doméstico.,ayer,"Fri, 13 Sep 2024 16:58:00 +0000","""Trámite de	aprobacion presidencial""",,Ministerio de Hacienda,https://www.camara.cl/legislacion/proyectosdeley/tramitacion.aspx?prmBOLETIN=18137-05&prmID=18800,https://www.camara.cl/legislacion/proyectosdeley/documentos/18137_05.pdf,2024-09-18T16:58:00,"<div><strong>Adopta medidas transitorias para contener el precio del kerosene doméstico en el contexto de la emergencia energética internacional, y otras medidas que indica</strong></div>",12f89bbd3c
R0136,camara,detail,18137-05,"Adopta medidas transitorias para contener el precio del kerosene doméstico en el contexto de la emergencia energética internacional, y otras medidas que indica",Proyecto sobre medidas transitorias para contener el precio del kerosene doméstico.,2025/04/02 00:02,2025-04-20T00:02:00-0400,Primer trámite constitucional,"""Mensaje""",Ministerio de Hacienda,https://www.camara.cl/legislacion/proyectosdeley/tramitacion.aspx?prmBOLETIN=18137-05&prmID=18800,https://www.camara.cl/legislacion/proyectosdeley/documentos/18137_05.pdf,2025-04-10T00:02:00,<p>Boletín 18137-05</p>,12f89bbd3c
R0137,bcn,api,,"Adopta medidas transitorias para contener el precio del kerosene doméstico en el contexto de la emergencia energética internacional,  y otras medidas que indica",""" Proyecto sobre medidas transitorias para contener el precio del kerosene doméstico. "" Más antecedentes en el sitio institucional.",2024-07-01T22:22:00-0300,29/05/2024,Discusión general,Mensaje,"[""Ministerio de Hacienda""]",https://www.camara.cl/legislacion/proyectosdeley/tramitacion.aspx?prmBOLETIN=18137-05&prmID=18800,https://www.camara.cl/legislacion/proyectosdeley/documentos/18137_05.pdf,2024-07-07T22:22:00,<span>Proyecto sobre medidas transitorias para contener el precio del kerosene doméstico.</span>,12f89bbd3c
R0138,camara,table,,"Adopta medidas transitorias para contener el precio del kerosene doméstico en el contexto de la emergencia energética internacional, y otras medidas que indica",,16-03-2024 07:29,,Trámite de	aprobacion presidencial,"""Mensaje""", Ministerio de Hacienda ,https://www.camara.cl/legislacion/proyectosdeley/tramitacion.aspx?prmBOLETIN=18137-05&prmID=18800&utm_source=test&utm_medium=email,https://www.camara.cl/legislacion/proyectosdeley/documentos/18137_05.pdf?download=1,2024-03-20T07:29:00,,12f89bbd3c
R0139,camara,detail,18137-05,"Adopta medidas transitorias para contener el precio del kerosene doméstico en el contexto de la emergencia energética internacional, y otras medidas que indica",Proyecto sobre medidas transitorias para contener el precio del kerosene doméstico.,16/03/2024,"Tue, 05 Mar 2024 09:48:00 -0400",Trámite de aprobacion presidencial,Mensaje,"[""Ministerio de Hacienda""]",,https://www.camara.cl/legislacion/proyectosdeley/documentos/18137_05.pdf,2024-03-22T09:48:00,,12f89bbd3c
R0140,crawler,misc,18137-05,"Adopta  medidas  transitorias  para  contener  el  precio  del  kerosene  doméstico  en  el  contexto  de  la  emergencia  energética  internacional,    y  otras  medidas  que  indica",Proyecto  sobre  medidas  transitorias  para  contener  el  precio  del  kerosene  doméstico.,2025-03-05,12-02-2025 16:03,Trámite de aprobacion presidencial,mensaje,Ministerio de Hacienda,https://www.camara.cl/legislacion/proyectosdeley/tramitacion.aspx?prmBOLETIN=18137-05&prmID=18800,https://www.camara.cl/legislacion/proyectosdeley/documentos/18137_05.pdf,2025-03-09T16:03:00,"<div><strong>Adopta medidas transitorias para contener el precio del kerosene doméstico en el contexto de la emergencia energética internacional, y otras medidas que indica</strong></div>",12f89bbd3c
R0141,crawler,misc,," Adopta  medidas  transitorias  para  contener  el  precio  del  kerosene  doméstico  en  el  contexto  de  la  emergencia  energética  internacional,    y  otras  medidas  que  indica ", Proyecto sobre medidas transitorias para contener el precio del kerosene doméstico. ,2025-03-05,2025-09-17T16:40:00-0300,Trámite  de  aprobacion  presidencial,Mensaje, Ministerio de Hacienda ,,https://www.camara.cl/legislacion/proyectosdeley/documentos/18137_05.pdf,2025-08-31T16:40:00,<p>Boletín 18137-05</p>,
R0142,senado,detail,18137-05,"""  Adopta  medidas  transitorias  para  contener  el  precio  del  kerosene  doméstico  en  el  contexto  de  la  emergencia  energética  internacional,  y  otras  medidas  que  indica  """,Proyecto sobre medidas transitorias para contener el precio del kerosene doméstico. Más antecedentes en el sitio institucional.,05-05-2024 01:14,2024-05-27T01:14:00-0400,Trámite de	aprobacion presidencial,,Ministerio de Hacienda,https://www.camara.cl/legislacion/proyectosdeley/tramitacion.aspx?prmBOLETIN=18137-05&prmID=18800&utm_source=test&utm_medium=email,,2024-05-10T01:14:00,,12f89bbd3c
R0143,camara,table,18137-05,"Adopta medidas transitorias para contener el precio del kerosene doméstico en el contexto de	la emergencia energética internacional, y otras medidas que indica",,2024-11-18,2024/11/04 00:15,Primer trámite constitucional,Mensaje,"[""Ministerio de Hacienda""]",https://www.camara.cl/legislacion/proyectosdeley/tramitacion.aspx?prmBOLETIN=18137-05&prmID=18800,https://www.camara.cl/legislacion/proyectosdeley/documentos/18137_05.pdf,2024-11-26T00:15:00,,12f89bbd3c
R0144,senado,detail,18137-05,"  Adopta  medidas  transitorias  para  contener  el  precio  del  kerosene  doméstico  en  el  contexto  de  la  emergencia  energética  internacional,  y  otras  medidas  que  indica  ",Proyecto sobre medidas transitorias para contener el precio del kerosene doméstico.,2024-05-07T04:32:00-0300,2024-05-24,Tramitación terminada,Mensaje,Ministerio de Hacienda, https://www.camara.cl/legislacion/proyectosdeley/tramitacion.aspx?prmBOLETIN=18137-05&prmID=18800/ ,https://www.camara.cl/legislacion/proyectosdeley/documentos/18137_05.pdf,2024-05-16T04:32:00,<span>Proyecto sobre medidas transitorias para contener el precio del kerosene doméstico.</span>,12f89bbd3c
R0145,bcn,api,18137-05,"Adopta medidas transitorias para contener el precio del kerosene doméstico en el contexto de la emergencia energética internacional, y otras medidas que indica",,2025-04-10T19:07:00-0400,"Mon, 31 Mar 2025 19:07:00 +0000",Trámite  de  aprobacion  presidencial,Mensaje,,https://www.camara.cl/legislacion/proyectosdeley/tramitacion.aspx?prmBOLETIN=18137-05&prmID=18800,,2025-04-15T19:07:00,<p>Boletín 18137-05</p>,12f89bbd3c
R0146,gobcl,news,18137-05,"Adopta medidas transitorias para contener el precio del kerosene doméstico en el contexto de la emergencia energética internacional, y otras medidas que indica",Proyecto  sobre  medidas  transitorias  para  contener  el  precio  del  kerosene  doméstico.,18/09/2025,07/10/2025,Trámite de aprobacion presidencial,,,https://www.camara.cl/legislacion/proyectosdeley/tramitacion.aspx?prmBOLETIN=18137-05&prmID=18800,https://www.camara.cl/legislacion/proyectosdeley/documentos/18137_05.pdf,2025-09-23T17:57:00,,12f89bbd3c
R0147,bcn,api,18137-05,"""Adopta  medidas  transitorias  para  contener  el  precio  del  kerosene  doméstico  en  el  contexto  de	la  emergencia  energética  internacional,  y  otras  medidas  que  indica""",Proyecto sobre medidas transitorias para contener el precio del kerosene doméstico.,08-06-2024 03:19,2024-06-11T03:19:00+0000,Trámite de aprobacion presidencial,,Ministerio de Hacienda,https://www.camara.cl/legislacion/proyectosdeley/tramitacion.aspx?prmBOLETIN=18137-05&prmID=18800,,2024-06-10T03:19:00,<p>Boletín 18137-05</p>,12f89bbd3c
R0148,camara,table,18137-05,"""Adopta medidas transitorias para contener el precio del kerosene doméstico en el contexto de	la emergencia energética internacional, y otras medidas que indica""","""  Proyecto  sobre  medidas  transitorias  para  contener  el  precio  del  kerosene  doméstico.  """,08/02/2025,24/02/2025,Trámite de aprobacion presidencial,,Ministerio de Hacienda,https://www.camara.cl/legislacion/proyectosdeley/tramitacion.aspx?prmBOLETIN=18137-05&prmID=18800&utm_source=test&utm_medium=email,https://www.camara.cl/legislacion/proyectosdeley/documentos/18137_05.pdf,2025-02-14T00:30:00,,12f89bbd3c
R0149,senado,detail,18137-05,   ,Proyecto sobre medidas transitorias para contener el precio del kerosene doméstico.,2024/03/04 02:53,"Thu, 28 Mar 2024 02:53:00 -0400",Cuenta de proyecto,,Ministerio de Hacienda,https://www.camara.cl/legislacion/proyectosdeley/tramitacion.aspx?prmBOLETIN=18137-05&prmID=18800,https://www.camara.cl/legislacion/proyectosdeley/documentos/18137_05.pdf?download=1,2024-03-06T02:53:00,"<div><strong>Adopta medidas transitorias para contener el precio del kerosene doméstico en el contexto de la emergencia energética internacional, y otras medidas que indica</strong></div>",12f89bbd3c
R0150,gobcl,news,18137-05,"Adopta medidas transitorias para contener el precio del kerosene doméstico en el contexto de la emergencia energética internacional, y otras medidas que indica",Proyecto sobre medidas transitorias para contener el precio del kerosene doméstico.,12/04/2024,2024-03-20,"""Trámite  de  aprobacion  presidencial""",Mensaje," [""Ministerio de Hacienda""] ", https://www.camara.cl/legislacion/proyectosdeley/tramitacion.aspx?prmBOLETIN=18137-05&prmID=18800&utm_source=test&utm_medium=email ,https://www.camara.cl/legislacion/proyectosdeley/documentos/18137_05.pdf,2024-04-19T23:44:00,"<div><strong>Adopta medidas transitorias para contener el precio del kerosene doméstico en el contexto de la emergencia energética internacional, y otras medidas que indica</strong></div>",12f89bbd3c
R0151,camara,detail,18137-05,"Adopta  medidas  transitorias  para  contener  el  precio  del  kerosene  doméstico  en  el  contexto  de  la  emergencia  energética  internacional,    y  otras  medidas  que  indica",Proyecto sobre medidas transitorias para contener el precio del kerosene doméstico.,2024/05/13 10:08,2024-06-02T10:08:00-0400,,Mensaje,Ministerio de Hacienda,https://www.camara.cl/legislacion/proyectosdeley/tramitacion.aspx?prmBOLETIN=18137-05&prmID=18800,,2024-05-19T10:08:00,"<div><strong>Adopta medidas transitorias para contener el precio del kerosene doméstico en el contexto de la emergencia energética internacional, y otras medidas que indica</strong></div>",12f89bbd3c
R0152,camara,table,18137-05,"Adopta medidas transitorias para contener el precio del kerosene doméstico en el contexto de la emergencia energética internacional, y otras medidas que indica",Proyecto  sobre  medidas  transitorias  para  contener  el  precio  del  kerosene  doméstico.,09-10-2024 18:16,17/10/2024,Trámite  de	aprobacion  presidencial,,,https://www.camara.cl/legislacion/proyectosdeley/tramitacion.aspx?prmBOLETIN=18137-05&prmID=18800/,https://www.camara.cl/legislacion/proyectosdeley/documentos/18137_05.pdf,2024-10-11T18:16:00,<span>Proyecto sobre medidas transitorias para contener el precio del kerosene doméstico.</span>,12f89bbd3c
R0153,camara,detail,," Adopta medidas transitorias para contener el precio del kerosene doméstico en el contexto de la emergencia energética internacional, y otras medidas que indica ", Proyecto sobre medidas transitorias para contener el precio del kerosene doméstico.  Más antecedentes en el sitio institucional.,2025-08-31,18/09/2025,Trámite de aprobacion presidencial,mensaje,Ministerio de Hacienda,,,2025-09-01T14:24:00,"<div><strong>Adopta medidas transitorias para contener el precio del kerosene doméstico en el contexto de la emergencia energética internacional, y otras medidas que indica</strong></div>",
R0154,senado,detail,18137-05,"""Adopta  medidas  transitorias  para  contener  el  precio  del  kerosene  doméstico  en  el  contexto  de  la  emergencia  energética  internacional,  y  otras  medidas  que  indica""",  Proyecto  sobre  medidas  transitorias  para  contener  el  precio  del  kerosene  doméstico.   Más antecedentes en el sitio institucional.,25/04/2024,"Tue, 14 May 2024 09:48:00 -0300","""Trámite de	aprobacion presidencial""",  Mensaje  ,"[""Ministerio de Hacienda""]",https://www.camara.cl/legislacion/proyectosdeley/tramitacion.aspx?prmBOLETIN=18137-05&prmID=18800,,2024-05-01T09:48:00,,12f89bbd3c
R0155,bcn,api,18137-05,"Adopta  medidas  transitorias  para  contener  el  precio  del  kerosene  doméstico  en  el  contexto  de	la  emergencia  energética  internacional,  y  otras  medidas  que  indica",Proyecto  sobre  medidas  transitorias  para  contener  el  precio  del  kerosene  doméstico.,2024-11-20,22-10-2024 23:09,Cuenta de proyecto,mensaje,Ministerio de Hacienda,https://www.camara.cl/legislacion/proyectosdeley/tramitacion.aspx?prmBOLETIN=18137-05&prmID=18800,https://www.camara.cl/legislacion/proyectosdeley/documentos/18137_05.pdf,2024-11-23T23:09:00,<span>Proyecto sobre medidas transitorias para contener el precio del kerosene doméstico.</span>,12f89bbd3c
R0156,bcn,api,18137-05,"Adopta medidas transitorias para contener el precio del kerosene doméstico en el contexto de la emergencia energética internacional,  y otras medidas que indica",Proyecto sobre medidas transitorias para contener el precio del kerosene doméstico.,09/02/2024,08/03/2024,Trámite de	aprobacion presidencial,mensaje,,https://www.camara.cl/legislacion/proyectosdeley/tramitacion.aspx?prmBOLETIN=18137-05&prmID=18800,https://www.camara.cl/legislacion/proyectosdeley/documentos/18137_05.pdf,2024-02-12T19:24:00,<span>Proyecto sobre medidas transitorias para contener el precio del kerosene doméstico.</span>,12f89bbd3c
R0157,bcn,api,18137-05,"Adopta medidas transitorias para contener el precio del kerosene doméstico en el contexto de la emergencia energética internacional, y otras medidas que indica",,17-12-2024 18:54,17-12-2024 18:54,Trámite de aprobacion presidencial,,"[""Ministerio de Hacienda""]",HTTP://www.camara.cl/legislacion/proyectosdeley/tramitacion.aspx?prmBOLETIN=18137-05&prmID=18800,,2024-12-24T18:54:00,<p>Boletín 18137-05</p>,12f89bbd3c
R0158,camara,table,17678-11," Modifica el periodo de carencia del subsidio de incapacidad laboral por accidente o enfermedad común, introduce modificaciones en su aplicación al sector público, fortalece las facultades de las Comisiones de Medicina Preventiva e Invalidez, y modifica las normas que indica ", Proyecto sobre subsidio de incapacidad laboral y facultades de COMPIN. ,2024-06-27T01:15:00+0000,2024-07-01T01:15:00+0000,Trámite de aprobacion presidencial,mensaje,"[""Ministerio de Salud"", ""Ministerio del Trabajo y Previsión Social""]",https://www.camara.cl/legislacion/ProyectosDeLey/tramitacion.aspx?prmBOLETIN=17678-11&prmID=18323,https://www.camara.cl/legislacion/proyectosdeley/documentos/17678_11.pdf,2024-06-28T01:15:00,,0237cc7c32
R0159,bcn,api,17678-11,"Modifica el periodo de carencia del subsidio de incapacidad laboral por accidente o enfermedad común, introduce modificaciones en su aplicación al sector público, fortalece las facultades de las Comisiones de Medicina Preventiva e Invalidez, y modifica las normas que indica",Proyecto sobre subsidio de incapacidad laboral y facultades de COMPIN.,"Mon, 10 Nov 2025 04:08:00 -0400",27/10/2025,Primer trámite constitucional,"""Mensaje""",Ministerio de Salud; Ministerio del Trabajo y Previsión Social,https://www.camara.cl/legislacion/ProyectosDeLey/tramitacion.aspx?prmBOLETIN=17678-11&prmID=18323/,,2025-11-15T04:08:00,,0237cc7c32
R0160,senado,detail,17678-11,"Modifica el periodo de carencia del subsidio de incapacidad laboral por accidente o enfermedad común, introduce modificaciones en su aplicación al sector público, fortalece las facultades de las Comisiones de Medicina Preventiva e Invalidez, y modifica las normas que indica",Proyecto sobre subsidio de incapacidad laboral y facultades de COMPIN.,"Wed, 10 Dec 2025 09:28:00 +0000",2026-01-10T09:28:00+0000,"""  Primer  trámite  constitucional  """,Mensaje,"Ministerio de Salud,Ministerio del Trabajo y Previsión Social", https://www.camara.cl/legislacion/ProyectosDeLey/tramitacion.aspx?prmBOLETIN=17678-11&prmID=18323 ,https://www.camara.cl/legislacion/proyectosdeley/documentos/17678_11.pdf,2025-12-13T09:28:00,,0237cc7c32
R0161,senado,detail,17678-11,"  Modifica  el  periodo  de  carencia  del  subsidio  de  incapacidad  laboral  por  accidente  o  enfermedad  común,  introduce  modificaciones  en  su  aplicación  al  sector  público,  fortalece  las  facultades  de  las  Comisiones  de  Medicina  Preventiva  e  Invalidez,  y  modifica  las  normas  que  indica  ",Proyecto sobre subsidio de	incapacidad laboral y facultades de	COMPIN.,29-09-2025 08:36,19-09-2025 08:36,  Primer  trámite  constitucional  ,mensaje,Ministerio de Salud | Ministerio del Trabajo y Previsión Social,https://www.camara.cl/legislacion/ProyectosDeLey/tramitacion.aspx?prmBOLETIN=17678-11&prmID=18323,,2025-10-07T08:36:00,<p>Boletín 17678-11</p>,0237cc7c32
R0162,camara,detail,17678-11,   ,Proyecto sobre subsidio de incapacidad laboral y facultades de COMPIN. Más antecedentes en el sitio institucional.,2025/06/02 01:42,18-05-2025 01:42,"""Primer trámite constitucional""",Mensaje,Ministerio de Salud | Ministerio del Trabajo y Previsión Social,https://www.camara.cl/legislacion/ProyectosDeLey/tramitacion.aspx?prmBOLETIN=17678-11&prmID=18323&utm_source=test&utm_medium=email,https://www.camara.cl/legislacion/proyectosdeley/documentos/17678_11.pdf?download=1,2025-06-04T01:42:00,"<div><strong>Modifica el periodo de carencia del subsidio de incapacidad laboral por accidente o enfermedad común, introduce modificaciones en su aplicación al sector público, fortalece las facultades de las Comisiones de Medicina Preventiva e Invalidez, y modifica las normas que indica</strong></div>",0237cc7c32
R0163,gobcl,news,17678-11,"""Modifica el periodo de carencia del subsidio de incapacidad laboral por accidente o enfermedad común, introduce modificaciones en su aplicación al sector público, fortalece las facultades de las Comisiones de Medicina Preventiva e Invalidez, y modifica las normas que indica""",Proyecto sobre subsidio de incapacidad laboral y facultades de COMPIN. Más antecedentes en el sitio institucional.,2025/11/21 18:47,31/02/2025,Trámite de aprobacion presidencial,,Ministerio de Salud | Ministerio del Trabajo y Previsión Social,https://www.camara.cl/legislacion/ProyectosDeLey/tramitacion.aspx?prmBOLETIN=17678-11&prmID=18323/,https://www.camara.cl/legislacion/proyectosdeley/documentos/17678_11.pdf,2025-11-28T18:47:00,<p>Boletín 17678-11</p>,0237cc7c32
R0164,crawler,misc,17678-11," Modifica el periodo de carencia del subsidio de incapacidad laboral por accidente o enfermedad común, introduce modificaciones en su aplicación al sector público, fortalece las facultades de las Comisiones de Medicina Preventiva e Invalidez, y modifica las normas que indica ","""Proyecto  sobre  subsidio  de  incapacidad  laboral  y  facultades  de  COMPIN."" Más antecedentes en el sitio institucional.","Wed, 22 Jan 2025 04:36:00 -0400",16/02/2025,Primer trámite constitucional,,"[""Ministerio de Salud"", ""Ministerio del Trabajo y Previsión Social""]",https://www.camara.cl/legislacion/ProyectosDeLey/tramitacion.aspx?prmBOLETIN=17678-11&prmID=18323,,2025-01-28T04:36:00,<span>Proyecto sobre subsidio de incapacidad laboral y facultades de COMPIN.</span>,0237cc7c32
R0165,gobcl,news,17678-11," Modifica el periodo de carencia del subsidio de incapacidad laboral por accidente o enfermedad común, introduce modificaciones en su aplicación al sector público, fortalece las facultades de las Comisiones de Medicina Preventiva e Invalidez, y modifica las normas que indica ",Proyecto sobre subsidio de incapacidad laboral y facultades de COMPIN.,2024-01-23,2024/02/05 02:06,Segundo trámite constitucional,Mensaje,Ministerio de Salud | Ministerio del Trabajo y Previsión Social, https://www.camara.cl/legislacion/ProyectosDeLey/tramitacion.aspx?prmBOLETIN=17678-11&prmID=18323 ,https://www.camara.cl/legislacion/proyectosdeley/documentos/17678_11.pdf,2024-01-28T02:06:00,,0237cc7c32
R0166,senado,detail,17678-11,"  Modifica  el  periodo  de  carencia  del  subsidio  de  incapacidad  laboral  por  accidente  o  enfermedad  común,  introduce  modificaciones  en  su  aplicación  al  sector  público,  fortalece  las  facultades  de  las  Comisiones  de  Medicina  Preventiva  e  Invalidez,  y  modifica  las  normas  que  indica  ",Proyecto sobre subsidio de incapacidad laboral y facultades de COMPIN.,2024-05-11T22:07:00-0300,29/05/2024,Primer trámite constitucional, Mensaje ,,https://www.camara.cl/legislacion/ProyectosDeLey/tramitacion.aspx?prmBOLETIN=17678-11&prmID=18323,https://www.camara.cl/legislacion/proyectosdeley/documentos/17678_11.pdf?download=1,2024-05-21T22:07:00,"<div><strong>Modifica el periodo de carencia del subsidio de incapacidad laboral por accidente o enfermedad común, introduce modificaciones en su aplicación al sector público, fortalece las facultades de las Comisiones de Medicina Preventiva e Invalidez, y modifica las normas que indica</strong></div>",0237cc7c32
R0167,senado,detail,17678-11,"Modifica el periodo de carencia del subsidio de incapacidad laboral por accidente o enfermedad común, introduce modificaciones en su aplicación al sector público, fortalece las facultades de las Comisiones de Medicina Preventiva e Invalidez, y modifica las normas que indica",Proyecto sobre subsidio de incapacidad laboral y facultades de COMPIN. Más antecedentes en el sitio institucional.,17/07/2025,11/08/2025,Primer trámite constitucional,Mensaje,"[""Ministerio de Salud"", ""Ministerio del Trabajo y Previsión Social""]",https://www.camara.cl/legislacion/ProyectosDeLey/tramitacion.aspx?prmBOLETIN=17678-11&prmID=18323/,,2025-07-23T05:39:00,,0237cc7c32
R0168,crawler,misc,17678-11,"Modifica el periodo de carencia del subsidio de incapacidad laboral por accidente o enfermedad común, introduce modificaciones en su aplicación al sector público, fortalece las facultades de las Comisiones de Medicina Preventiva e Invalidez, y modifica las normas que indica",  Proyecto  sobre  subsidio  de  incapacidad  laboral  y  facultades  de  COMPIN.  ,2024/12/25 08:19,"Thu, 23 Jan 2025 08:19:00 -0400",Cuenta de proyecto,"""Mensaje""",Ministerio de Salud | Ministerio del Trabajo y Previsión Social,https://www.camara.cl/legislacion/ProyectosDeLey/tramitacion.aspx?prmBOLETIN=17678-11&prmID=18323,,2024-12-26T08:19:00,<p>Boletín 17678-11</p>,0237cc7c32
R0169,crawler,misc,,"Modifica el periodo de carencia del subsidio de incapacidad laboral por accidente o enfermedad común, introduce modificaciones en su aplicación al sector público, fortalece las facultades de las Comisiones de Medicina Preventiva e Invalidez, y modifica las normas que indica",Proyecto  sobre  subsidio  de  incapacidad  laboral  y  facultades  de  COMPIN. Más antecedentes en el sitio institucional.,"Tue, 14 Jan 2025 03:49:00 +0000",2024/12/17 03:49,Cuenta de proyecto,Mensaje,Ministerio de Salud | Ministerio del Trabajo y Previsión Social,,https://www.camara.cl/legislacion/proyectosdeley/documentos/17678_11.pdf?download=1,2025-01-16T03:49:00,"<div><strong>Modifica el periodo de carencia del subsidio de incapacidad laboral por accidente o enfermedad común, introduce modificaciones en su aplicación al sector público, fortalece las facultades de las Comisiones de Medicina Preventiva e Invalidez, y modifica las normas que indica</strong></div>",
R0170,camara,detail,17678-11,"""""Modifica el periodo de carencia del subsidio de incapacidad laboral por accidente o enfermedad común,  introduce modificaciones en su aplicación al sector público,  fortalece las facultades de las Comisiones de Medicina Preventiva e Invalidez,  y modifica las normas que indica""""",Proyecto  sobre  subsidio  de  incapacidad  laboral  y  facultades  de  COMPIN.,2025/11/21 18:47,2024/07/18 14:49,Primer  trámite  constitucional,"""Mensaje""","Ministerio de Salud,Ministerio del Trabajo y Previsión Social",https://www.camara.cl/legislacion/ProyectosDeLey/tramitacion.aspx?prmBOLETIN=17678-11&prmID=18323/,,2024-07-26T14:49:00,"<div><strong>Modifica el periodo de carencia del subsidio de incapacidad laboral por accidente o enfermedad común, introduce modificaciones en su aplicación al sector público, fortalece las facultades de las Comisiones de Medicina Preventiva e Invalidez, y modifica las normas que indica</strong></div>",0237cc7c32
R0171,senado,detail,17678-11,"Modifica el periodo de carencia del subsidio de incapacidad laboral por accidente o enfermedad común,  introduce modificaciones en su aplicación al sector público,  fortalece las facultades de las Comisiones de Medicina Preventiva e Invalidez,  y modifica las normas que indica",Proyecto sobre subsidio de incapacidad laboral y facultades de COMPIN.,2024-12-04,"Fri, 29 Nov 2024 11:39:00 -0400",Discusión general,Mensaje,"[""Ministerio de Salud"", ""Ministerio del Trabajo y Previsión Social""]", https://www.camara.cl/legislacion/ProyectosDeLey/tramitacion.aspx?prmBOLETIN=17678-11&prmID=18323 ,,2024-12-13T11:39:00,<span>Proyecto sobre subsidio de incapacidad laboral y facultades de COMPIN.</span>,0237cc7c32
R0172,camara,table,,"Modifica  el  periodo  de  carencia  del  subsidio  de  incapacidad  laboral  por  accidente  o  enfermedad  común,  introduce  modificaciones  en  su  aplicación  al  sector  público,  fortalece  las  facultades  de  las  Comisiones  de  Medicina  Preventiva  e  Invalidez,  y  modifica  las  normas  que  indica", Proyecto sobre subsidio de incapacidad laboral y facultades de COMPIN.  Más antecedentes en el sitio institucional.,"Tue, 30 Apr 2024 07:38:00 -0400",16-05-2024 07:38,Segundo trámite constitucional,,Ministerio de Salud | Ministerio del Trabajo y Previsión Social,,https://www.camara.cl/legislacion/proyectosdeley/documentos/17678_11.pdf,2024-05-01T07:38:00,,
R0173,bcn,api,17678-11,"Modifica el periodo de carencia del subsidio de incapacidad laboral por accidente o enfermedad común, introduce modificaciones en su aplicación al sector público, fortalece las facultades de las Comisiones de Medicina Preventiva e Invalidez, y modifica las normas que indica", Proyecto sobre subsidio de incapacidad laboral y facultades de COMPIN.  Más antecedentes en el sitio institucional.,2025-02-25T22:06:00+0000,2025-01-19T22:06:00-0400,Primer trámite constitucional,Mensaje,"Ministerio de Salud,Ministerio del Trabajo y Previsión Social",https://www.camara.cl/legislacion/ProyectosDeLey/tramitacion.aspx?prmBOLETIN=17678-11&prmID=18323&utm_source=test&utm_medium=email,https://www.camara.cl/legislacion/proyectosdeley/documentos/17678_11.pdf,2025-02-26T22:06:00,,0237cc7c32
R0174,gobcl,news,17678-11,"Modifica el periodo de	carencia del subsidio de	incapacidad laboral por accidente o enfermedad común, introduce modificaciones en su aplicación al sector público, fortalece las facultades de	las Comisiones de	Medicina Preventiva e Invalidez, y modifica las normas que indica",,18-11-2024 10:06,28/12/2024,Primer trámite constitucional,Mensaje,Ministerio de Salud | Ministerio del Trabajo y Previsión Social,https://www.camara.cl/legislacion/ProyectosDeLey/tramitacion.aspx?prmBOLETIN=17678-11&prmID=18323,https://www.camara.cl/legislacion/proyectosdeley/documentos/17678_11.pdf?download=1,2024-11-20T10:06:00,,0237cc7c32
R0175,gobcl,news,17678-11,"Modifica el periodo de carencia del subsidio de incapacidad laboral por accidente o enfermedad común, introduce modificaciones en su aplicación al sector público, fortalece las facultades de las Comisiones de Medicina Preventiva e Invalidez, y modifica las normas que indica",Proyecto sobre subsidio de incapacidad laboral y facultades de COMPIN.,30-04-2024 10:53,2024/04/17 10:53,"""Primer trámite constitucional""",mensaje," Ministerio de Salud,Ministerio del Trabajo y Previsión Social ",https://www.camara.cl/legislacion/ProyectosDeLey/tramitacion.aspx?prmBOLETIN=17678-11&prmID=18323&utm_source=test&utm_medium=email,,2024-05-08T10:53:00,,0237cc7c32
R0176,gobcl,news,17678-11,"Modifica el periodo de carencia del subsidio de incapacidad laboral por accidente o enfermedad común,  introduce modificaciones en su aplicación al sector público,  fortalece las facultades de las Comisiones de Medicina Preventiva e Invalidez,  y modifica las normas que indica",Proyecto sobre subsidio de incapacidad laboral y facultades de COMPIN. Más antecedentes en el sitio institucional.,2024/10/23 02:51,12-11-2024 02:51,Primer trámite constitucional,,Ministerio de Salud; Ministerio del Trabajo y Previsión Social,HTTP://www.camara.cl/legislacion/ProyectosDeLey/tramitacion.aspx?prmBOLETIN=17678-11&prmID=18323&utm_source=test&utm_medium=email,,2024-10-27T02:51:00,"<div><strong>Modifica el periodo de carencia del subsidio de incapacidad laboral por accidente o enfermedad común, introduce modificaciones en su aplicación al sector público, fortalece las facultades de las Comisiones de Medicina Preventiva e Invalidez, y modifica las normas que indica</strong></div>",0237cc7c32
R0177,crawler,misc,17678-11,"Modifica el periodo de carencia del subsidio de incapacidad laboral por accidente o enfermedad común, introduce modificaciones en su aplicación al sector público, fortalece las facultades de las Comisiones de Medicina Preventiva e Invalidez, y modifica las normas que indica", Proyecto sobre subsidio de incapacidad laboral y facultades de COMPIN.  Más antecedentes en el sitio institucional.,2024-09-06T13:44:00-0300,2024-08-25,Primer trámite constitucional,mensaje,,https://www.camara.cl/legislacion/ProyectosDeLey/tramitacion.aspx?prmBOLETIN=17678-11&prmID=18323,https://www.camara.cl/legislacion/proyectosdeley/documentos/17678_11.pdf,2024-09-14T13:44:00,<p>Boletín 17678-11</p>,0237cc7c32
R0178,gobcl,news,17678-11,"Modifica  el  periodo  de  carencia  del  subsidio  de  incapacidad  laboral  por  accidente  o  enfermedad  común,  introduce  modificaciones  en  su  aplicación  al  sector  público,  fortalece  las  facultades  de  las  Comisiones  de  Medicina  Preventiva  e  Invalidez,  y  modifica  las  normas  que  indica",Proyecto sobre subsidio de incapacidad laboral y facultades de COMPIN.,2024/10/23 02:51,2024/06/14 20:53,Segundo trámite constitucional,,,HTTP://www.camara.cl/legislacion/ProyectosDeLey/tramitacion.aspx?prmBOLETIN=17678-11&prmID=18323&utm_source=test&utm_medium=email,,2024-07-03T20:53:00,<span>Proyecto sobre subsidio de incapacidad laboral y facultades de COMPIN.</span>,0237cc7c32
R0179,camara,table,17678-11,"Modifica el periodo de carencia del subsidio de incapacidad laboral por accidente o enfermedad común,  introduce modificaciones en su aplicación al sector público,  fortalece las facultades de las Comisiones de Medicina Preventiva e Invalidez,  y modifica las normas que indica",Proyecto sobre subsidio de incapacidad laboral y facultades de COMPIN. Más antecedentes en el sitio institucional.,2025-07-22T18:42:00+0000,2025/06/12 18:42,Primer trámite constitucional,,"[""Ministerio de Salud"", ""Ministerio del Trabajo y Previsión Social""]",HTTP://www.camara.cl/legislacion/ProyectosDeLey/tramitacion.aspx?prmBOLETIN=17678-11&prmID=18323,https://www.camara.cl/legislacion/proyectosdeley/documentos/17678_11.pdf?download=1,2025-07-30T18:42:00,"<div><strong>Modifica el periodo de carencia del subsidio de incapacidad laboral por accidente o enfermedad común, introduce modificaciones en su aplicación al sector público, fortalece las facultades de las Comisiones de Medicina Preventiva e Invalidez, y modifica las normas que indica</strong></div>",0237cc7c32
R0180,bcn,api,17678-11,"Modifica el periodo de carencia del subsidio de incapacidad laboral por accidente o enfermedad común, introduce modificaciones en su aplicación al sector público, fortalece las facultades de las Comisiones de Medicina Preventiva e Invalidez, y modifica las normas que indica",Proyecto sobre subsidio de incapacidad laboral y facultades de COMPIN.,2024-04-17T13:47:00-0400,,Primer trámite constitucional,  Mensaje  ,Ministerio de Salud | Ministerio del Trabajo y Previsión Social,https://www.camara.cl/legislacion/ProyectosDeLey/tramitacion.aspx?prmBOLETIN=17678-11&prmID=18323,,2024-04-21T13:47:00,<p>Boletín 17678-11</p>,0237cc7c32
R0181,senado,detail,15261-25,"Modifica la ley Nº21.325, de	migración y extranjería, para tipificar el delito de	ingreso clandestino al territorio nacional","""Proyecto  sobre  migración  e  ingreso  clandestino  al  territorio  nacional.""",26/02/2024,,Segundo trámite constitucional, Moción ,Gloria Naveillan; Stephan Schubert; Andrés Jouannet,https://www.camara.cl/legislacion/ProyectosDeLey/tramitacion.aspx?prmBOLETIN=15261-25&prmID=15772,,2024-03-07T21:17:00,<p>Boletín 15261-25</p>,cf11a00323
R0182,crawler,misc,15261-25,"""Modifica  la  ley  Nº21.325,  de  migración  y  extranjería,  para  tipificar  el  delito  de  ingreso  clandestino  al  territorio  nacional""",Proyecto sobre migración e ingreso clandestino al territorio nacional.,2024/05/23 12:37,31/02/2025,Segundo trámite constitucional,moción,,https://www.camara.cl/legislacion/ProyectosDeLey/tramitacion.aspx?prmBOLETIN=15261-25&prmID=15772,https://www.camara.cl/legislacion/proyectosdeley/documentos/15261_25.pdf,2024-05-25T12:37:00,"<div><strong>Modifica la ley N°21.325, de migración y extranjería, para tipificar el delito de ingreso clandestino al territorio nacional</strong></div>",cf11a00323
R0183,crawler,misc,15261-25,"Modifica  la  ley  N°21.325,  de  migración  y  extranjería,  para  tipificar  el  delito  de  ingreso  clandestino  al  territorio  nacional","""Proyecto sobre migración e ingreso clandestino al territorio nacional.""",23-09-2025 06:21,01/10/2025,Segundo trámite constitucional,moción,"[""Gloria Naveillan"", ""Stephan Schubert"", ""Andrés Jouannet""]",https://www.camara.cl/legislacion/ProyectosDeLey/tramitacion.aspx?prmBOLETIN=15261-25&prmID=15772&utm_source=test&utm_medium=email,https://www.camara.cl/legislacion/proyectosdeley/documentos/15261_25.pdf,2025-09-27T06:21:00,<span>Proyecto sobre migración e ingreso clandestino al territorio nacional.</span>,cf11a00323
R0184,crawler,misc,15261-25,"Modifica la ley Nº21.325, de migración y extranjería, para tipificar el delito de ingreso clandestino al territorio nacional",Proyecto sobre migración e ingreso clandestino al territorio nacional. Más antecedentes en el sitio institucional.,07-12-2024 07:12,2024/11/08 07:12,Trámite de aprobacion presidencial,moción,Gloria Naveillan | Stephan Schubert | Andrés Jouannet,https://www.camara.cl/legislacion/ProyectosDeLey/tramitacion.aspx?prmBOLETIN=15261-25&prmID=15772&utm_source=test&utm_medium=email,https://www.camara.cl/legislacion/proyectosdeley/documentos/15261_25.pdf,2024-12-09T07:12:00,,cf11a00323
R0185,senado,detail,15261-25,"Modifica la ley N°21.325, de migración y extranjería, para tipificar el delito de ingreso clandestino al territorio nacional",,07-04-2025 09:46,2025/04/30 09:46,Trámite de aprobacion presidencial,Moción,"[""Gloria Naveillan"", ""Stephan Schubert"", ""Andrés Jouannet""]",https://www.camara.cl/legislacion/ProyectosDeLey/tramitacion.aspx?prmBOLETIN=15261-25&prmID=15772,,2025-04-11T09:46:00,<p>Boletín 15261-25</p>,cf11a00323
R0186,gobcl,news,15261-25,"Modifica la ley N°21.325, de migración y extranjería, para tipificar el delito de ingreso clandestino al territorio nacional",,2025/04/09 05:06,05-05-2025 05:06,Segundo trámite constitucional,Moción,Gloria Naveillan | Stephan Schubert | Andrés Jouannet,https://www.camara.cl/legislacion/ProyectosDeLey/tramitacion.aspx?prmBOLETIN=15261-25&prmID=15772,,2025-04-11T05:06:00,"<div><strong>Modifica la ley N°21.325, de migración y extranjería, para tipificar el delito de ingreso clandestino al territorio nacional</strong></div>",cf11a00323
R0187,camara,table,15261-25," Modifica la ley N°21.325, de migración y extranjería, para tipificar el delito de ingreso clandestino al territorio nacional ", Proyecto sobre migración e ingreso clandestino al territorio nacional.  Más antecedentes en el sitio institucional.,2025-05-11,"Sun, 01 Jun 2025 13:27:00 -0400",Segundo trámite constitucional,moción,Gloria Naveillan; Stephan Schubert; Andrés Jouannet, https://www.camara.cl/legislacion/ProyectosDeLey/tramitacion.aspx?prmBOLETIN=15261-25&prmID=15772/ ,https://www.camara.cl/legislacion/proyectosdeley/documentos/15261_25.pdf,2025-05-16T13:27:00,"<div><strong>Modifica la ley N°21.325, de migración y extranjería, para tipificar el delito de ingreso clandestino al territorio nacional</strong></div>",cf11a00323
R0188,bcn,api,15261-25,"Modifica  la  ley  N°21.325,  de  migración  y  extranjería,  para  tipificar  el  delito  de  ingreso  clandestino  al  territorio  nacional",Proyecto  sobre  migración  e  ingreso  clandestino  al  territorio  nacional.,02/10/2024,24-09-2024 00:39,Segundo trámite constitucional,Moción,Gloria Naveillan | Stephan Schubert | Andrés Jouannet,https://www.camara.cl/legislacion/ProyectosDeLey/tramitacion.aspx?prmBOLETIN=15261-25&prmID=15772,https://www.camara.cl/legislacion/proyectosdeley/documentos/15261_25.pdf,2024-10-05T00:39:00,"<div><strong>Modifica la ley N°21.325, de migración y extranjería, para tipificar el delito de ingreso clandestino al territorio nacional</strong></div>",cf11a00323
R0189,camara,detail,15261-25,"Modifica  la  ley  N°21.325,    de  migración  y  extranjería,    para  tipificar  el  delito  de  ingreso  clandestino  al  territorio  nacional",Proyecto sobre migración e ingreso clandestino al territorio nacional.,16/12/2024,2024-11-21,Segundo trámite constitucional,Moción,,https://www.camara.cl/legislacion/ProyectosDeLey/tramitacion.aspx?prmBOLETIN=15261-25&prmID=15772/,,2024-12-20T08:35:00,"<div><strong>Modifica la ley N°21.325, de migración y extranjería, para tipificar el delito de ingreso clandestino al territorio nacional</strong></div>",cf11a00323
R0190,gobcl,news,15261-25,"Modifica  la  ley  N°21.325,  de  migración  y  extranjería,  para  tipificar  el  delito  de  ingreso  clandestino  al  territorio  nacional",Proyecto sobre migración e ingreso clandestino al territorio nacional.,2025-06-27T11:37:00+0000,2025/05/30 11:37,Discusión general,Moción,Gloria Naveillan | Stephan Schubert | Andrés Jouannet,,https://www.camara.cl/legislacion/proyectosdeley/documentos/15261_25.pdf,2025-07-07T11:37:00,,cf11a00323
R0191,senado,detail,,"""Modifica  la  ley  N°21.325,    de  migración  y  extranjería,    para  tipificar  el  delito  de  ingreso  clandestino  al  territorio  nacional""",,2024-05-11,,Segundo trámite constitucional,Moción, Gloria Naveillan | Stephan Schubert | Andrés Jouannet ,https://www.camara.cl/legislacion/ProyectosDeLey/tramitacion.aspx?prmBOLETIN=15261-25&prmID=15772,https://www.camara.cl/legislacion/proyectosdeley/documentos/15261_25.pdf,2024-05-18T18:38:00,,cf11a00323
R0192,camara,detail,15261-25,""" Modifica la ley N°21.325, de migración y extranjería, para tipificar el delito de ingreso clandestino al territorio nacional """,Proyecto  sobre  migración  e  ingreso  clandestino  al  territorio  nacional. Más antecedentes en el sitio institucional.,2025-10-14,2025-11-13,Segundo trámite constitucional,Moción,"Gloria Naveillan,Stephan Schubert,Andrés Jouannet", HTTP://www.camara.cl/legislacion/ProyectosDeLey/tramitacion.aspx?prmBOLETIN=15261-25&prmID=15772 ,https://www.camara.cl/legislacion/proyectosdeley/documentos/15261_25.pdf,2025-10-24T11:02:00,,cf11a00323
R0193,camara,table,15261-25," Modifica  la  ley  N°21.325,  de  migración  y  extranjería,  para  tipificar  el  delito  de  ingreso  clandestino  al  territorio  nacional ",Proyecto sobre migración e ingreso clandestino al territorio nacional.,19/12/2024,2025-01-07T15:27:00-0400, Segundo trámite constitucional ,,Gloria Naveillan; Stephan Schubert; Andrés Jouannet,https://www.camara.cl/legislacion/ProyectosDeLey/tramitacion.aspx?prmBOLETIN=15261-25&prmID=15772,,2024-12-24T15:27:00,"<div><strong>Modifica la ley N°21.325, de migración y extranjería, para tipificar el delito de ingreso clandestino al territorio nacional</strong></div>",cf11a00323
R0194,crawler,misc,1526125," Modifica la ley N°21.325, de migración y extranjería, para tipificar el delito de ingreso clandestino al territorio nacional ",Proyecto sobre migración e ingreso clandestino al territorio nacional.,15-08-2024 03:07,,Segundo trámite constitucional,moción,"[""Gloria Naveillan"", ""Stephan Schubert"", ""Andrés Jouannet""]",HTTP://www.camara.cl/legislacion/ProyectosDeLey/tramitacion.aspx?prmBOLETIN=15261-25&prmID=15772,https://www.camara.cl/legislacion/proyectosdeley/documentos/15261_25.pdf,2024-08-25T03:07:00,<p>Boletín 15261-25</p>,cf11a00323
R0195,camara,detail,15261-25,"Modifica la ley Nº21.325, de	migración y extranjería, para tipificar el delito de	ingreso clandestino al territorio nacional",Proyecto sobre migración e ingreso clandestino al territorio nacional.,2024-03-09,31/02/2025,Segundo trámite constitucional,Moción, Gloria Naveillan; Stephan Schubert; Andrés Jouannet ,https://www.camara.cl/legislacion/ProyectosDeLey/tramitacion.aspx?prmBOLETIN=15261-25&prmID=15772,https://www.camara.cl/legislacion/proyectosdeley/documentos/15261_25.pdf,2024-03-18T21:34:00,<p>Boletín 15261-25</p>,cf11a00323
R0196,crawler,misc,,"Modifica la ley N°21.325,  de migración y extranjería,  para tipificar el delito de ingreso clandestino al territorio nacional",  Proyecto  sobre  migración  e  ingreso  clandestino  al  territorio  nacional.  ,2025/11/16 04:34,09/12/2025,,Moción,Gloria Naveillan; Stephan Schubert; Andrés Jouannet,HTTP://www.camara.cl/legislacion/ProyectosDeLey/tramitacion.aspx?prmBOLETIN=15261-25&prmID=15772&utm_source=test&utm_medium=email/,https://www.camara.cl/legislacion/proyectosdeley/documentos/15261_25.pdf,2025-11-23T04:34:00,<p>Boletín 15261-25</p>,cf11a00323
R0197,bcn,api,15261-25,"Modifica la ley N°21.325, de migración y extranjería, para tipificar el delito de ingreso clandestino al territorio nacional",Proyecto sobre migración e ingreso clandestino al territorio nacional. Más antecedentes en el sitio institucional.,"Tue, 29 Jul 2025 01:22:00 -0300",2025-08-28T01:22:00-0300,"""Segundo trámite constitucional""",Moción,,https://www.camara.cl/legislacion/ProyectosDeLey/tramitacion.aspx?prmBOLETIN=15261-25&prmID=15772,,2025-08-04T01:22:00,<p>Boletín 15261-25</p>,cf11a00323
R0198,camara,table,15261-25,"Modifica la ley N°21.325, de migración y extranjería, para tipificar el delito de ingreso clandestino al territorio nacional",Proyecto sobre migración e ingreso clandestino al territorio nacional.,2024-12-06,2024/11/11 04:04, Segundo trámite constitucional ,moción," Gloria Naveillan,Stephan Schubert,Andrés Jouannet ",https://www.camara.cl/legislacion/ProyectosDeLey/tramitacion.aspx?prmBOLETIN=15261-25&prmID=15772,https://www.camara.cl/legislacion/proyectosdeley/documentos/15261_25.pdf,2024-12-15T04:04:00,,cf11a00323
R0199,senado,detail,15261-25," ""Modifica  la  ley  Nº21.325,  de  migración  y  extranjería,  para  tipificar  el  delito  de  ingreso  clandestino  al  territorio  nacional"" ",Proyecto  sobre  migración  e  ingreso  clandestino  al  territorio  nacional. Más antecedentes en el sitio institucional.,2024/05/23 12:37,15-04-2024 06:34,Segundo trámite constitucional,Moción,"Gloria Naveillan,Stephan Schubert,Andrés Jouannet",https://www.camara.cl/legislacion/ProyectosDeLey/tramitacion.aspx?prmBOLETIN=15261-25&prmID=15772/,https://www.camara.cl/legislacion/proyectosdeley/documentos/15261_25.pdf,2024-05-24T06:34:00,<p>Boletín 15261-25</p>,cf11a00323
R0200,bcn,api,16062-04,  Prohíbe  el  uso  de  celulares  en  las  salas  de  clase  de  los  establecimientos  de  educación  parvularia  y  básica  ,"""Proyecto que prohíbe el uso de celulares en salas de clase de educación parvularia y básica.""",2024-07-23T02:49:00-0300,2024-07-07T02:49:00-0400,Tramitación terminada,,Marta Bravo | Karen Medina | Flor Weisse,https://www.camara.cl/legislacion/ProyectosDeLey/tramitacion.aspx?prmBOLETIN=16062-04&prmID=16604&utm_source=test&utm_medium=email,,2024-07-24T02:49:00,<span>Proyecto que prohíbe el uso de celulares en salas de clase de educación parvularia y básica.</span>,1e73f35a09
R0201,gobcl,news,1606204,Prohíbe  el  uso  de  celulares  en  las  salas  de  clase  de  los  establecimientos  de  educación  parvularia  y  básica,Proyecto que prohíbe el uso de celulares en salas de clase de educación parvularia y básica. Más antecedentes en el sitio institucional.,21-11-2025 00:03,"Mon, 03 Nov 2025 00:03:00 +0000",Tramitación terminada,moción,Marta Bravo | Karen Medina | Flor Weisse,https://www.camara.cl/legislacion/ProyectosDeLey/tramitacion.aspx?prmBOLETIN=16062-04&prmID=16604,https://www.camara.cl/legislacion/proyectosdeley/documentos/16062_04.pdf,2025-11-28T00:03:00,<p>Boletín 16062-04</p>,1e73f35a09
R0202,camara,table,16062-04,      Prohíbe    el    uso    de    celulares    en    las    salas    de    clase    de    los    establecimientos    de    educación    parvularia    y    básica      , Proyecto que prohíbe el uso de celulares en salas de clase de educación parvularia y básica. ,2024-07-23T02:49:00-0300,2024-03-06T10:45:00-0300,Segundo trámite constitucional,Moción,"[""Marta Bravo"", ""Karen Medina"", ""Flor Weisse""]",https://www.camara.cl/legislacion/ProyectosDeLey/tramitacion.aspx?prmBOLETIN=16062-04&prmID=16604,https://www.camara.cl/legislacion/proyectosdeley/documentos/16062_04.pdf,2024-02-20T10:45:00,,1e73f35a09
R0203,bcn,api,16062-04,Prohíbe el uso de	celulares en las salas de	clase de	los establecimientos de	educación parvularia y básica,Proyecto  que  prohíbe  el  uso  de  celulares  en  salas  de  clase  de  educación  parvularia  y  básica.,2025-02-19,31/02/2025,Tramitación terminada,moción,Marta Bravo; Karen Medina; Flor Weisse,https://www.camara.cl/legislacion/ProyectosDeLey/tramitacion.aspx?prmBOLETIN=16062-04&prmID=16604&utm_source=test&utm_medium=email,https://www.camara.cl/legislacion/proyectosdeley/documentos/16062_04.pdf?download=1,2025-02-28T10:56:00,,1e73f35a09
R0204,gobcl,news,,  Prohíbe  el  uso  de  celulares  en  las  salas  de  clase  de  los  establecimientos  de  educación  parvularia  y  básica  ,Proyecto que prohíbe el uso de celulares en salas de clase de educación parvularia y básica.,09-07-2025 15:56,2025-06-22,Tramitación terminada,Moción,Marta Bravo | Karen Medina | Flor Weisse, https://www.camara.cl/legislacion/ProyectosDeLey/tramitacion.aspx?prmBOLETIN=16062-04&prmID=16604&utm_source=test&utm_medium=email ,,2025-07-11T15:56:00,<span>Proyecto que prohíbe el uso de celulares en salas de clase de educación parvularia y básica.</span>,1e73f35a09
R0205,senado,detail,16062-04,Prohíbe el uso de celulares en las salas de clase de los establecimientos de educación parvularia y básica,Proyecto que prohíbe el uso de celulares en salas de clase de educación parvularia y básica.,2025/04/14 09:37,2025/05/07 09:37,Tramitación terminada,Moción,Marta Bravo; Karen Medina; Flor Weisse,https://www.camara.cl/legislacion/ProyectosDeLey/tramitacion.aspx?prmBOLETIN=16062-04&prmID=16604,https://www.camara.cl/legislacion/proyectosdeley/documentos/16062_04.pdf,2025-04-17T09:37:00,<p>Boletín 16062-04</p>,1e73f35a09
R0206,bcn,api,16062-04,      Prohíbe    el    uso    de	   celulares    en    las    salas    de	   clase    de	   los    establecimientos    de	   educación    parvularia    y    básica      ,,2025/08/09 10:19,2025-07-09,"""Tramitación terminada""",,,https://www.camara.cl/legislacion/ProyectosDeLey/tramitacion.aspx?prmBOLETIN=16062-04&prmID=16604,https://www.camara.cl/legislacion/proyectosdeley/documentos/16062_04.pdf?download=1,2025-08-14T10:19:00,<span>Proyecto que prohíbe el uso de celulares en salas de clase de educación parvularia y básica.</span>,1e73f35a09
R0207,gobcl,news,16062-04,Prohíbe  el  uso  de  celulares  en  las  salas  de  clase  de  los  establecimientos  de  educación  parvularia  y  básica,"""Proyecto que prohíbe el uso de celulares en salas de clase de educación parvularia y básica.""",01-12-2025 23:09,24-12-2025 23:09,""" Tramitación terminada """,,"[""Marta Bravo"", ""Karen Medina"", ""Flor Weisse""]",https://www.camara.cl/legislacion/ProyectosDeLey/tramitacion.aspx?prmBOLETIN=16062-04&prmID=16604,,2025-12-03T23:09:00,<div><strong>Prohíbe el uso de celulares en las salas de clase de los establecimientos de educación parvularia y básica</strong></div>,1e73f35a09
R0208,camara,table,16062-04,Prohíbe el uso de celulares en las salas de clase de los establecimientos de educación parvularia y básica,Proyecto que prohíbe el uso de celulares en salas de clase de educación parvularia y básica.,"Sun, 10 Aug 2025 07:13:00 +0000",25/07/2025,Primer trámite constitucional,Moción,Marta Bravo; Karen Medina; Flor Weisse,HTTP://www.camara.cl/legislacion/ProyectosDeLey/tramitacion.aspx?prmBOLETIN=16062-04&prmID=16604,https://www.camara.cl/legislacion/proyectosdeley/documentos/16062_04.pdf,2025-08-20T07:13:00,<p>Boletín 16062-04</p>,1e73f35a09
R0209,senado,detail,16062-04,Prohíbe el uso de celulares en las salas de clase de los establecimientos de educación parvularia y básica,,2025/11/13 08:37,27-10-2025 08:37,Discusión general,moción,Marta Bravo | Karen Medina | Flor Weisse,https://www.camara.cl/legislacion/ProyectosDeLey/tramitacion.aspx?prmBOLETIN=16062-04&prmID=16604,https://www.camara.cl/legislacion/proyectosdeley/documentos/16062_04.pdf,2025-11-15T08:37:00,<span>Proyecto que prohíbe el uso de celulares en salas de clase de educación parvularia y básica.</span>,1e73f35a09
R0210,bcn,api,16062-04,"""Prohíbe el uso de celulares en las salas de clase de los establecimientos de educación parvularia y básica""",Proyecto  que  prohíbe  el  uso  de  celulares  en  salas  de  clase  de  educación  parvularia  y  básica.,15-08-2025 08:18,,,moción,"[""Marta Bravo"", ""Karen Medina"", ""Flor Weisse""]",https://www.camara.cl/legislacion/ProyectosDeLey/tramitacion.aspx?prmBOLETIN=16062-04&prmID=16604/,https://www.camara.cl/legislacion/proyectosdeley/documentos/16062_04.pdf,2025-08-16T08:18:00,<p>Boletín 16062-04</p>,1e73f35a09
R0211,gobcl,news,16062-04,Prohíbe  el  uso  de  celulares  en  las  salas  de  clase  de  los  establecimientos  de  educación  parvularia  y  básica,Proyecto que prohíbe el uso de celulares en salas de clase de educación parvularia y básica.,2025-09-17T02:17:00-0300,2025-10-17T02:17:00-0400,Tramitación terminada,,"[""Marta Bravo"", ""Karen Medina"", ""Flor Weisse""]",https://www.camara.cl/legislacion/ProyectosDeLey/tramitacion.aspx?prmBOLETIN=16062-04&prmID=16604,https://www.camara.cl/legislacion/proyectosdeley/documentos/16062_04.pdf,2025-09-22T02:17:00,,1e73f35a09
R0212,crawler,misc,16062-04,      Prohíbe    el    uso    de	   celulares    en    las    salas    de	   clase    de	   los    establecimientos    de	   educación    parvularia    y    básica      ,,2024/06/11 02:21,"Wed, 17 Jul 2024 02:21:00 +0000",Tramitación terminada,""" Moción """,,https://www.camara.cl/legislacion/ProyectosDeLey/tramitacion.aspx?prmBOLETIN=16062-04&prmID=16604,https://www.camara.cl/legislacion/proyectosdeley/documentos/16062_04.pdf?download=1,2024-06-12T02:21:00,<span>Proyecto que prohíbe el uso de celulares en salas de clase de educación parvularia y básica.</span>,1e73f35a09
R0213,crawler,misc,,,Proyecto que prohíbe el uso de celulares en salas de clase de educación parvularia y básica. Más antecedentes en el sitio institucional.,2024/06/24 15:45,,Tramitación terminada,moción,Marta Bravo; Karen Medina; Flor Weisse,https://www.camara.cl/legislacion/ProyectosDeLey/tramitacion.aspx?prmBOLETIN=16062-04&prmID=16604&utm_source=test&utm_medium=email/,https://www.camara.cl/legislacion/proyectosdeley/documentos/16062_04.pdf?download=1,2024-07-03T15:45:00,<div><strong>Prohíbe el uso de celulares en las salas de clase de los establecimientos de educación parvularia y básica</strong></div>,1e73f35a09
R0214,bcn,api,16062-04,Prohíbe  el  uso  de  celulares  en  las  salas  de  clase  de  los  establecimientos  de  educación  parvularia  y  básica,Proyecto que prohíbe el uso de	celulares en salas de	clase de	educación parvularia y básica. Más antecedentes en el sitio institucional.,2024/01/24 16:23,2024-02-25,Segundo trámite constitucional,Moción,Marta Bravo | Karen Medina | Flor Weisse,https://www.camara.cl/legislacion/ProyectosDeLey/tramitacion.aspx?prmBOLETIN=16062-04&prmID=16604&utm_source=test&utm_medium=email,,2024-01-26T16:23:00,<div><strong>Prohíbe el uso de celulares en las salas de clase de los establecimientos de educación parvularia y básica</strong></div>,1e73f35a09
R0215,crawler,misc,16062-04, Prohíbe el uso de celulares en las salas de clase de los establecimientos de educación parvularia y básica ,Proyecto que prohíbe el uso de celulares en salas de clase de educación parvularia y básica.,2024/06/13 04:06,2024-07-17,"""Tramitación terminada""",Moción,Marta Bravo | Karen Medina | Flor Weisse,https://www.camara.cl/legislacion/ProyectosDeLey/tramitacion.aspx?prmBOLETIN=16062-04&prmID=16604,https://www.camara.cl/legislacion/proyectosdeley/documentos/16062_04.pdf,2024-06-16T04:06:00,<span>Proyecto que prohíbe el uso de celulares en salas de clase de educación parvularia y básica.</span>,1e73f35a09
R0216,gobcl,news,,Prohíbe el uso de celulares en las salas de clase de los establecimientos de educación parvularia y básica,Proyecto que prohíbe el uso de celulares en salas de clase de educación parvularia y básica. Más antecedentes en el sitio institucional.,18-07-2024 22:57,,Tramitación terminada,Moción,Marta Bravo | Karen Medina | Flor Weisse,HTTP://www.camara.cl/legislacion/ProyectosDeLey/tramitacion.aspx?prmBOLETIN=16062-04&prmID=16604,https://www.camara.cl/legislacion/proyectosdeley/documentos/16062_04.pdf,2024-07-27T22:57:00,,1e73f35a09
R0217,bcn,api,16062-04,  Prohíbe  el  uso  de  celulares  en  las  salas  de  clase  de  los  establecimientos  de  educación  parvularia  y  básica  ,Proyecto  que  prohíbe  el  uso  de  celulares  en  salas  de  clase  de  educación  parvularia  y  básica.,2024-01-26T22:33:00-0300,11-01-2024 22:33,Tramitación  terminada,,"Marta Bravo,Karen Medina,Flor Weisse",https://www.camara.cl/legislacion/ProyectosDeLey/tramitacion.aspx?prmBOLETIN=16062-04&prmID=16604,https://www.camara.cl/legislacion/proyectosdeley/documentos/16062_04.pdf,2024-02-02T22:33:00,,1e73f35a09
R0218,camara,table,16062-04,Prohíbe el uso de celulares en las salas de clase de los establecimientos de educación parvularia y básica,""" Proyecto que prohíbe el uso de celulares en salas de clase de educación parvularia y básica. """,2025-05-18T22:05:00-0300,2025-06-08T22:05:00+0000,Discusión general,,"Marta Bravo,Karen Medina,Flor Weisse",HTTP://www.camara.cl/legislacion/ProyectosDeLey/tramitacion.aspx?prmBOLETIN=16062-04&prmID=16604/,,2025-05-25T22:05:00,<span>Proyecto que prohíbe el uso de celulares en salas de clase de educación parvularia y básica.</span>,1e73f35a09
R0219,camara,table,17989-07,Modifica la Carta Fundamental para otorgar facultades extraordinarias al Presidente de la República,Proyecto  de  reforma  constitucional  sobre  facultades  extraordinarias  del  Presidente.,2025/09/11 16:45,12/09/2025,Primer trámite constitucional,,,HTTP://www.camara.cl/legislacion/proyectosdeley/tramitacion.aspx?prmBOLETIN=17989-07&prmID=18645,https://www.camara.cl/legislacion/proyectosdeley/documentos/17989_07.pdf,2025-09-21T16:45:00,<span>Proyecto de reforma constitucional sobre facultades extraordinarias del Presidente.</span>,952e9d3c11
R0220,senado,detail,17989-07,Modifica la Carta Fundamental para otorgar facultades extraordinarias al Presidente de la República,Proyecto de reforma constitucional sobre facultades extraordinarias del Presidente. Más antecedentes en el sitio institucional.,17/05/2025,2025-04-24,Primer trámite constitucional,moción,,HTTP://www.camara.cl/legislacion/proyectosdeley/tramitacion.aspx?prmBOLETIN=17989-07&prmID=18645,,2025-05-25T21:41:00,<span>Proyecto de reforma constitucional sobre facultades extraordinarias del Presidente.</span>,952e9d3c11
R0221,bcn,api,17989-07,Modifica la Carta Fundamental para otorgar facultades extraordinarias al Presidente de la República,Proyecto  de  reforma  constitucional  sobre  facultades  extraordinarias  del  Presidente.,16/09/2025,2025-09-01T03:24:00+0000,Primer trámite constitucional,moción,"[""Gaspar Rivas""]",,https://www.camara.cl/legislacion/proyectosdeley/documentos/17989_07.pdf,2025-09-18T03:24:00,<div><strong>Modifica la Carta Fundamental para otorgar facultades extraordinarias al Presidente de la República</strong></div>,952e9d3c11
R0222,senado,detail,17989-07,,,10/10/2025,2025-11-09,Primer trámite constitucional,Moción,Gaspar Rivas,HTTP://www.camara.cl/legislacion/proyectosdeley/tramitacion.aspx?prmBOLETIN=17989-07&prmID=18645,https://www.camara.cl/legislacion/proyectosdeley/documentos/17989_07.pdf,2025-10-11T08:17:00,<span>Proyecto de reforma constitucional sobre facultades extraordinarias del Presidente.</span>,952e9d3c11
R0223,gobcl,news,17989-07,Modifica  la  Carta  Fundamental  para  otorgar  facultades  extraordinarias  al  Presidente  de  la  República,Proyecto  de	reforma  constitucional  sobre  facultades  extraordinarias  del  Presidente.,"Tue, 26 Mar 2024 23:11:00 -0400",2024-04-25T23:11:00-0300,Primer trámite constitucional,Moción,Gaspar Rivas,https://www.camara.cl/legislacion/proyectosdeley/tramitacion.aspx?prmBOLETIN=17989-07&prmID=18645,https://www.camara.cl/legislacion/proyectosdeley/documentos/17989_07.pdf,2024-03-29T23:11:00,<p>Boletín 17989-07</p>,952e9d3c11
R0224,bcn,api,17989-07,Modifica la Carta Fundamental para otorgar facultades extraordinarias al Presidente de la República, Proyecto de reforma constitucional sobre facultades extraordinarias del Presidente.  Más antecedentes en el sitio institucional.,2024-02-11T18:54:00+0000,2024-03-15T18:54:00-0300,Cuenta de proyecto,,Gaspar Rivas,https://www.camara.cl/legislacion/proyectosdeley/tramitacion.aspx?prmBOLETIN=17989-07&prmID=18645&utm_source=test&utm_medium=email,https://www.camara.cl/legislacion/proyectosdeley/documentos/17989_07.pdf,2024-02-15T18:54:00,,952e9d3c11
R0225,senado,detail,17989-07,Modifica la Carta Fundamental para otorgar facultades extraordinarias al Presidente de la República,Proyecto  de  reforma  constitucional  sobre  facultades  extraordinarias  del  Presidente.,2025-02-19,2025-03-11,Primer trámite constitucional,Moción,Gaspar Rivas,https://www.camara.cl/legislacion/proyectosdeley/tramitacion.aspx?prmBOLETIN=17989-07&prmID=18645&utm_source=test&utm_medium=email,https://www.camara.cl/legislacion/proyectosdeley/documentos/17989_07.pdf?download=1,2025-02-21T05:48:00,<p>Boletín 17989-07</p>,952e9d3c11
R0226,senado,detail,17989-07,  Modifica  la  Carta  Fundamental  para  otorgar  facultades  extraordinarias  al  Presidente  de  la  República  ,Proyecto  de  reforma  constitucional  sobre  facultades  extraordinarias  del  Presidente.,"Sun, 07 Sep 2025 20:44:00 +0000","Wed, 17 Sep 2025 20:44:00 -0300",Primer trámite constitucional,moción,"[""Gaspar Rivas""]", https://www.camara.cl/legislacion/proyectosdeley/tramitacion.aspx?prmBOLETIN=17989-07&prmID=18645 ,,2025-09-09T20:44:00,<span>Proyecto de reforma constitucional sobre facultades extraordinarias del Presidente.</span>,952e9d3c11
R0227,gobcl,news,17989-07,Modifica la Carta Fundamental para otorgar facultades extraordinarias al Presidente de	la República, Proyecto de reforma constitucional sobre facultades extraordinarias del Presidente. ,2024-06-28,2024/06/28 00:01,,moción,Gaspar Rivas,https://www.camara.cl/legislacion/proyectosdeley/tramitacion.aspx?prmBOLETIN=17989-07&prmID=18645/,https://www.camara.cl/legislacion/proyectosdeley/documentos/17989_07.pdf,2024-07-06T00:01:00,,952e9d3c11
R0228,bcn,api,17989-07,,Proyecto de reforma constitucional sobre facultades extraordinarias del Presidente.,30-03-2025 02:10,"Thu, 20 Mar 2025 02:10:00 -0300",Primer trámite constitucional,,Gaspar Rivas,https://www.camara.cl/legislacion/proyectosdeley/tramitacion.aspx?prmBOLETIN=17989-07&prmID=18645,,2025-04-06T02:10:00,<span>Proyecto de reforma constitucional sobre facultades extraordinarias del Presidente.</span>,952e9d3c11
R0229,gobcl,news,17989-07, Modifica la Carta Fundamental para otorgar facultades extraordinarias al Presidente de la República ,Proyecto  de  reforma  constitucional  sobre  facultades  extraordinarias  del  Presidente.,2025-06-19,"Tue, 17 Jun 2025 07:05:00 -0400",Tramitación terminada,moción,Gaspar Rivas,https://www.camara.cl/legislacion/proyectosdeley/tramitacion.aspx?prmBOLETIN=17989-07&prmID=18645&utm_source=test&utm_medium=email,https://www.camara.cl/legislacion/proyectosdeley/documentos/17989_07.pdf,2025-06-28T07:05:00,,952e9d3c11
R0230,bcn,api,17989-07,,""" Proyecto de reforma constitucional sobre facultades extraordinarias del Presidente. "" Más antecedentes en el sitio institucional.","Tue, 16 Sep 2025 15:30:00 -0300",2025-10-25,,,Gaspar Rivas,https://www.camara.cl/legislacion/proyectosdeley/tramitacion.aspx?prmBOLETIN=17989-07&prmID=18645,https://www.camara.cl/legislacion/proyectosdeley/documentos/17989_07.pdf,2025-09-18T15:30:00,<p>Boletín 17989-07</p>,952e9d3c11
R0231,senado,detail,17989-07,Modifica la Carta Fundamental para otorgar facultades extraordinarias al Presidente de la República,Proyecto de reforma constitucional sobre facultades extraordinarias del Presidente.,22/06/2025,15/07/2025,Primer trámite constitucional,moción,"[""Gaspar Rivas""]",https://www.camara.cl/legislacion/proyectosdeley/tramitacion.aspx?prmBOLETIN=17989-07&prmID=18645,https://www.camara.cl/legislacion/proyectosdeley/documentos/17989_07.pdf,2025-06-30T03:11:00,<div><strong>Modifica la Carta Fundamental para otorgar facultades extraordinarias al Presidente de la República</strong></div>,952e9d3c11
R0232,crawler,misc,,,Proyecto de reforma constitucional sobre facultades extraordinarias del Presidente.,19/11/2024,2024/12/23 03:01,Primer trámite constitucional,,Gaspar Rivas,https://www.camara.cl/legislacion/proyectosdeley/tramitacion.aspx?prmBOLETIN=17989-07&prmID=18645,https://www.camara.cl/legislacion/proyectosdeley/documentos/17989_07.pdf,2024-11-21T03:01:00,<p>Boletín 17989-07</p>,952e9d3c11
R0233,camara,detail,17989-07,Modifica la Carta Fundamental para otorgar facultades extraordinarias al Presidente de la República,Proyecto  de  reforma  constitucional  sobre  facultades  extraordinarias  del  Presidente. Más antecedentes en el sitio institucional.,2024-09-06,,Primer trámite constitucional,Moción,,https://www.camara.cl/legislacion/proyectosdeley/tramitacion.aspx?prmBOLETIN=17989-07&prmID=18645,https://www.camara.cl/legislacion/proyectosdeley/documentos/17989_07.pdf,2024-09-16T16:58:00,<div><strong>Modifica la Carta Fundamental para otorgar facultades extraordinarias al Presidente de la República</strong></div>,952e9d3c11
R0234,crawler,misc,17989-07,Modifica la Carta Fundamental para otorgar facultades extraordinarias al Presidente de la República,"""Proyecto  de	reforma  constitucional  sobre  facultades  extraordinarias  del  Presidente.""",23/05/2025,2025/06/22 15:08,Trámite de aprobacion presidencial,moción,"[""Gaspar Rivas""]",HTTP://www.camara.cl/legislacion/proyectosdeley/tramitacion.aspx?prmBOLETIN=17989-07&prmID=18645&utm_source=test&utm_medium=email,https://www.camara.cl/legislacion/proyectosdeley/documentos/17989_07.pdf,2025-05-25T15:08:00,<p>Boletín 17989-07</p>,952e9d3c11
R0235,bcn,api,17989-07,Modifica la Carta Fundamental para otorgar facultades extraordinarias al Presidente de la República,Proyecto  de	reforma  constitucional  sobre  facultades  extraordinarias  del  Presidente. Más antecedentes en el sitio institucional.,"Wed, 06 Aug 2025 08:37:00 +0000",31/02/2025,Primer trámite constitucional,Moción,Gaspar Rivas,https://www.camara.cl/legislacion/proyectosdeley/tramitacion.aspx?prmBOLETIN=17989-07&prmID=18645&utm_source=test&utm_medium=email,,2025-08-08T08:37:00,<p>Boletín 17989-07</p>,952e9d3c11
R0236,gobcl,news,17989-07,Modifica la Carta Fundamental para otorgar facultades extraordinarias al Presidente de la República,"""Proyecto de reforma constitucional sobre facultades extraordinarias del Presidente.""","Sat, 14 Jun 2025 00:33:00 +0000",,Trámite de aprobacion presidencial,Moción,Gaspar Rivas,https://www.camara.cl/legislacion/proyectosdeley/tramitacion.aspx?prmBOLETIN=17989-07&prmID=18645,,2025-06-19T00:33:00,,952e9d3c11
R0237,crawler,misc,17989-07,Modifica  la  Carta  Fundamental  para  otorgar  facultades  extraordinarias  al  Presidente  de  la  República,Proyecto  de  reforma  constitucional  sobre  facultades  extraordinarias  del  Presidente.,"Wed, 10 Apr 2024 02:53:00 -0400",22/04/2024,Primer trámite constitucional,moción,Gaspar Rivas,,https://www.camara.cl/legislacion/proyectosdeley/documentos/17989_07.pdf,2024-04-17T02:53:00,<div><strong>Modifica la Carta Fundamental para otorgar facultades extraordinarias al Presidente de la República</strong></div>,952e9d3c11
R0238,crawler,misc,,Modifica la Carta Fundamental para otorgar facultades extraordinarias al Presidente de la República,Proyecto de reforma constitucional sobre facultades extraordinarias del Presidente.,"Fri, 08 Nov 2024 22:58:00 -0400",2024-12-01T22:58:00-0300,Primer trámite constitucional,," [""Gaspar Rivas""] ",https://www.camara.cl/legislacion/proyectosdeley/tramitacion.aspx?prmBOLETIN=17989-07&prmID=18645,,2024-11-16T22:58:00,<p>Boletín 17989-07</p>,952e9d3c11
R0239,camara,,17000-XX,,,99/99/9999,,,Mensaje,[],http://,,2026-03-30T20:14:38.742603,<span></span>,
R0240,crawler,table,----,,<div></div>,,32-13-2025,Pendiente,Mensaje,,,,2026-03-30T20:14:38.742616,,
R0241,,table,,   ,,fecha,,,,,,,2026-03-30T20:14:38.742622,,
R0242,,api,,   ,<div></div>,,,,Mensaje,,,,2026-03-30T20:14:38.742628,<span></span>,
R0243,camara,,,Sin título,,99/99/9999,,,,[],http://,,2026-03-30T20:14:38.742633,,
R0244,camara,,,Sin título,<div></div>,99/99/9999,32-13-2025,,Mensaje,,,,2026-03-30T20:14:38.742640,<span></span>,
R0245,camara,api,----,   ,,,,,,,,,2026-03-30T20:14:38.742646,,
R0246,crawler,detail,----,   ,,99/99/9999,,,,[],http://,,2026-03-30T20:14:38.742650,,
R0247,,,,Sin título,,fecha,,,,[],,,2026-03-30T20:14:38.742655,,
R0248,camara,api,,   ,<div></div>,fecha,,,,,http://,,2026-03-30T20:14:38.742660,,
R0249,bcn,detail,----,   ,,,,,,[],http://,,2026-03-30T20:14:38.742665,,
R0250,,api,17000-XX,Sin título,,,,Pendiente,,,,,2026-03-30T20:14:38.742670,,
R0251,,misc,17000-XX,Sin título,<div></div>,,,,,[],http://,,2026-03-30T20:14:38.742677,,
R0252,,detail,,,<div></div>,99/99/9999,,,Mensaje,[],http://,,2026-03-30T20:14:38.742682,,
R0253,,detail,,   ,,,32-13-2025,,Mensaje,,http://,,2026-03-30T20:14:38.742689,,
R0254,crawler,misc,,,,,,,,,,,2026-03-30T20:14:38.742694,,
R0255,camara,,,,<div></div>,,,,,[],,,2026-03-30T20:14:38.742699,,
R0256,crawler,api,,,,99/99/9999,32-13-2025,Pendiente,,,http://,,2026-03-30T20:14:38.742703,<span></span>,
R0257,crawler,misc,----,,,,,Pendiente,Mensaje,,,,2026-03-30T20:14:38.742710,,
R0258,,api,,Sin título,<div></div>,,32-13-2025,Pendiente,,[],http://,,2026-03-30T20:14:38.742716,,
